sequence,gate,route,decision_question,route_specific_evidence_obligation,prohibited_inference_or_failure,minimum_records,full_escalation_records,required_action,example_anchor,status
1,Project Start Pack / opening control,predictive or machine-learning study,How well does a model predict under a locked validation protocol?,"Provenance, split logic, baseline, metrics and error analysis.",Leakage or aggregate score hides failure.,ROUTE_SELECTOR_MIN.csv; PROJECT_START_PACK_MIN.csv,ROUTE_SELECTOR_FULL.csv; PROJECT_START_PACK_FULL.csv; AUTHORITY_MATRIX_FULL.csv,"Select route, unit, comparison, access and first evidence object before implementation or large-scale searching.",companion/05_ROUTE_KITS/predictive_machine_learning/worked_example,synthetic route specification aligned with book v3.9.0
2,Problem Gate,predictive or machine-learning study,How does a model perform against a baseline on unseen data under a fixed protocol?,"Provenance, leakage control, data split, baseline, metrics and uncertainty; a reproducible comparison or error analysis.",Leakage or aggregate score hides failure.,SCOPE_CANVAS_MIN.csv; FEASIBILITY_SPRINT_RECORD_MIN.csv,SCOPE_CANVAS_FULL.csv; FEASIBILITY_SPRINT_RECORD_FULL.csv; RISK_ASSUMPTION_REGISTER_FULL.csv; GATE_RECORD_FULL.csv,Test the costliest route-specific uncertainty before full commitment.,companion/05_ROUTE_KITS/predictive_machine_learning/worked_example,synthetic route specification aligned with book v3.9.0
3,Evidence Gate,predictive or machine-learning study,"What verified evidence is required to justify this route, its comparison and its claim boundary?","Verify dataset provenance, unit of independence, split logic, leakage controls, baselines, calibration, error analysis and relevant state-of-the-art comparisons.","A leaderboard score, benchmark popularity or model-card summary substitutes for source-level and data-level evidence.",CORPUS_LEDGER_MIN.csv; CLAIM_EVIDENCE_MAP_MIN.csv,SEARCH_STRATEGY_RECORD_FULL.csv; CORPUS_LEDGER_FULL.csv; CORE_SOURCE_NOTE_FULL.csv; APPRAISAL_RECORD_FULL.csv; SYNTHESIS_MEMO_FULL.csv; GATE_RECORD_FULL.csv,"Resolve source identity, competing evidence and original-source anchors before design commitment.",companion/05_ROUTE_KITS/predictive_machine_learning/worked_example,synthetic route specification aligned with book v3.9.0
4,Design Gate,predictive or machine-learning study,Can the route-specific design produce the required evidence under explicit authority and evaluation conditions?,"Verified corpus, split or validation strategy, transparent baseline, metrics and error analysis. Early evidence: Data audit, leakage test, baseline run and pipeline rehearsal.","Prediction does not establish explanation, causality or organisational impact.",DECIDE_RECORD_MIN.csv,DECIDE_RECORD_FULL.csv; AUTHORITY_MATRIX_FULL.csv; RISK_ASSUMPTION_REGISTER_FULL.csv; EARLY_TEST_RECORD_FULL.csv; EVALUATION_DESIGN_RECORD_FULL.csv; GATE_RECORD_FULL.csv,"Freeze the evaluation contract, early test, authority route and amendment rule.",companion/05_ROUTE_KITS/predictive_machine_learning/worked_example,synthetic route specification aligned with book v3.9.0
5,Execution Gate,predictive or machine-learning study,Was each route-specific work unit executed from a controlled state and admitted through inspectable evidence?,"Data-preparation, training or inference run Admission evidence: Dataset and split IDs, preprocessing order, seed, configuration, model artefact, dependency state and pipeline checks","Generalisation, fairness, causal interpretation or deployment fitness",VERSION_MANIFEST_RECORD_MIN.csv; GATE_RECORD_MIN.csv,WORK_UNIT_BRIEF_FULL.csv; EXECUTION_PROVENANCE_RECORD_FULL.csv; CANDIDATE_ARTEFACT_INSPECTION_RECORD_FULL.csv; AUTHORITATIVE_FILE_VERSION_RECORD_FULL.csv; GATE_RECORD_FULL.csv,"Preserve failures, deviations, versions, rights and the primary artefact.",companion/05_ROUTE_KITS/predictive_machine_learning/worked_example,synthetic route specification aligned with book v3.9.0
6,Claim Gate,predictive or machine-learning study,What exact wording survives the complete route-specific evidence body and decisive challenge?,"Data lineage, unit of independence, split, baseline, discrimination, calibration, uncertainty and error analysis Decisive challenge: Source-grouped or temporal split, leakage audit, ordinary seeds and subgroup review","Best metric becomes universal superiority, fairness or deployment value",CLAIM_EVIDENCE_MAP_MIN.csv,EVALUATION_DESIGN_RECORD_FULL.csv; CLAIM_EVIDENCE_MAP_FULL.csv; UNCERTAINTY_COUNTER_EVIDENCE_RECORD_FULL.csv; GATE_RECORD_FULL.csv,Write the bounded claim and rejected stronger wording before drafting the conclusion.,companion/05_ROUTE_KITS/predictive_machine_learning/worked_example,synthetic route specification aligned with book v3.9.0
7,Argument Gate,predictive or machine-learning study,Can the route-specific evidence be reconstructed through one coherent manuscript spine?,"Problem → data and prior work → provenance and final split → model and baseline → results, calibration and error analysis","Best metric hides leakage, model-selection history, subgroup failure or weak calibration",CLAIM_EVIDENCE_MAP_MIN.csv,ARGUMENT_SPINE_MAP_FULL.csv; SECTION_CONTRACT_REGISTER_FULL.csv; EVIDENTIAL_OBJECT_NAVIGATION_AUDIT_FULL.csv; GATE_RECORD_FULL.csv,Ensure that every section performs a necessary evidential or reasoning function.,companion/05_ROUTE_KITS/predictive_machine_learning/worked_example,synthetic route specification aligned with book v3.9.0
8,Editorial Gate,predictive or machine-learning study,"Do all headline, source, visual, technical and proof layers preserve the same route and boundary?","Lock dataset and split identity, baseline, metric definitions, calibration, subgroup or error evidence and held-out boundary.","Editing must not convert aggregate performance into fairness, causality, deployment fitness or universal superiority.",VERSION_MANIFEST_RECORD_MIN.csv; GATE_RECORD_MIN.csv,EDITORIAL_REVISION_MAP_FULL.csv; SOURCE_RIGHTS_ATTRIBUTION_RECORD_FULL.csv; EVIDENTIAL_OBJECT_NAVIGATION_AUDIT_FULL.csv; AUTHOR_IDENTITY_HEADLINE_RECORD_FULL.csv; SIMILARITY_AI_AUTHORSHIP_RECORD_FULL.csv; AUTHORITATIVE_FILE_VERSION_RECORD_FULL.csv; ACCESSIBILITY_RENDER_AUDIT_FULL.csv; GATE_RECORD_FULL.csv,"Reopen the earliest gate when editing changes evidence, method or inferential scope.",companion/05_ROUTE_KITS/predictive_machine_learning/worked_example,synthetic route specification aligned with book v3.9.0
9,Defence Readiness Gate,predictive or machine-learning study,"Can a second authorised person retrieve the accepted evidence and can the student defend the route, failure case and boundary?","Load the frozen held-out set, compare the keyword and linear baselines, inspect calibration and retrieve three adverse errors without live retraining. Hostile test: Why is the better aggregate score not sufficient for deployment?",The classifier can automate service routing in production.,DEMONSTRATION_RUNBOOK_MIN.csv; DEFENCE_QUESTION_MATRIX_MIN.csv; GATE_RECORD_MIN.csv,CURRENT_SESSION_AUTHORITY_RECORD_FULL.csv; PACKAGE_CONSISTENCY_RECORD_FULL.csv; SUBMISSION_PACKAGE_MANIFEST_FULL.csv; DEMONSTRATION_RUNBOOK_FULL.csv; PRESENTATION_SPINE_RECORD_FULL.csv; DEFENCE_QUESTION_MATRIX_FULL.csv; MOCK_DEFENCE_AND_RECOVERY_RECORD_FULL.csv; DEFENCE_READINESS_RECORD_FULL.csv; GATE_RECORD_FULL.csv,"Test primary path, failure path, fallback, evidence retrieval, correction and legitimate uncertainty.",companion/05_ROUTE_KITS/predictive_machine_learning/worked_example,synthetic route specification aligned with book v3.9.0
