record_no,record_id,level,filename,template_path,record_title,stage,gate,mode,requiredness,route_scope,counterpart,purpose,when_to_use,do_not_use_as,completion_test,controlled_values,book_anchor,predecessor_records,successor_or_handoff,data_sensitivity,semantic_status
1,MIN-CLAIM_EVIDENCE_MAP_MIN,minimum,CLAIM_EVIDENCE_MAP_MIN.csv,companion/03_TEMPLATES_MINIMUM/CLAIM_EVIDENCE_MAP_MIN.csv,Claim-Evidence Map - Minimum,Evaluate and write,Claim / Argument Gate,ledger,minimum when the mapped decision applies,all eight routes,CLAIM_EVIDENCE_MAP_FULL.csv,"Make the exact wording, evidence, uncertainty, boundary and counter-evidence inspectable.",Add one row per inspectable object. Preserve stable identifiers and versions.,"Do not treat form completion as evidence, authority, approval or gate passage.",No substantive claim remains without evidence or with an undeclared transfer boundary.,Status: candidate; supported conditionally; supported; narrowed; suspended; rejected.,6.1 The favourable result that outran its evidence,Problem Gate,Design Gate,"controlled project metadata; no credentials, direct identifiers or confidential payloads",RELEASED AND VALIDATED — PUBLIC COMPANION v1.2.0
2,MIN-CORPUS_LEDGER_MIN,minimum,CORPUS_LEDGER_MIN.csv,companion/03_TEMPLATES_MINIMUM/CORPUS_LEDGER_MIN.csv,CORPUS Ledger - Minimum,Search,Evidence Gate,ledger,minimum when the mapped decision applies,all routes; formal evidence synthesis requires the fullest protocol-led use,CORPUS_LEDGER_FULL.csv,"Resolve source identity and preserve the reason for inclusion, exclusion and use.",Add one row per inspectable object. Preserve stable identifiers and versions.,"Do not treat form completion as evidence, authority, approval or gate passage.","Every load-bearing source has an identity, access route, appraisal and claim-linked use.",Inclusion: candidate; included; excluded; duplicate; superseded. Source class must be explicit.,"3.3 Keep records, publications, studies and evidence distinct",Problem Gate,Design Gate,bibliographic and source metadata only; do not redistribute restricted full texts,RELEASED AND VALIDATED — PUBLIC COMPANION v1.2.0
3,MIN-DECIDE_RECORD_MIN,minimum,DECIDE_RECORD_MIN.csv,companion/03_TEMPLATES_MINIMUM/DECIDE_RECORD_MIN.csv,DECIDE Record - Minimum,Plan,Design Gate,ledger,minimum when the mapped decision applies,all eight routes,DECIDE_RECORD_FULL.csv,"Make one consequential decision conditional, evidence-linked and reopenable.",Add one row per inspectable object. Preserve stable identifiers and versions.,"Do not treat form completion as evidence, authority, approval or gate passage.","A credible alternative, authority boundary, early test and reopening trigger are recorded.",Status: draft; reviewed; conditionally accepted; accepted locally; reopened; superseded.,4.3 Use DECIDE to turn evidence into a conditional commitment,Evidence Gate,Execution Gate,"controlled project metadata; no credentials, direct identifiers or confidential payloads",RELEASED AND VALIDATED — PUBLIC COMPANION v1.2.0
4,MIN-DEFENCE_QUESTION_MATRIX_MIN,minimum,DEFENCE_QUESTION_MATRIX_MIN.csv,companion/03_TEMPLATES_MINIMUM/DEFENCE_QUESTION_MATRIX_MIN.csv,Defence Question Matrix - Minimum,Defend,Defence Readiness Gate,ledger,minimum when the mapped decision applies,all eight routes; adapt evidence and demonstration to the selected route,DEFENCE_QUESTION_MATRIX_FULL.csv,"Prepare direct, evidence-anchored and bounded answers, including legitimate uncertainty.",Add one row per inspectable object. Preserve stable identifiers and versions.,"Do not treat form completion as evidence, authority, approval or gate passage.","Every answer names an evidence anchor, a boundary and a follow-up challenge.",Question families: problem; route; method; design; evidence; claim; limitation; AI use; rights; reproducibility.,"9.6 Answer from evidence, boundary and consequence",Editorial Gate,"Defence, closeout and controlled release decision",may reference restricted administrative objects; store only safe identifiers and segregated locators,RELEASED AND VALIDATED — PUBLIC COMPANION v1.2.0
5,MIN-DEMONSTRATION_RUNBOOK_MIN,minimum,DEMONSTRATION_RUNBOOK_MIN.csv,companion/03_TEMPLATES_MINIMUM/DEMONSTRATION_RUNBOOK_MIN.csv,Demonstration Runbook - Minimum,Defend,Defence Readiness Gate,ledger,minimum when the mapped decision applies,all eight routes; adapt evidence and demonstration to the selected route,DEMONSTRATION_RUNBOOK_FULL.csv,Prepare a route-appropriate evidential demonstration with a safe fallback.,Add one row per inspectable object. Preserve stable identifiers and versions.,"Do not treat form completion as evidence, authority, approval or gate passage.","The primary path, failure case and fallback use the same accepted release and do not imply a stronger claim.",Path type: primary; secondary; failure; fallback.,"9.4 Demonstrate an evidence path, not a product tour",Editorial Gate,"Defence, closeout and controlled release decision","record versions and evidence locators, not secrets, personal data or proprietary payloads",RELEASED AND VALIDATED — PUBLIC COMPANION v1.2.0
6,MIN-FEASIBILITY_SPRINT_RECORD_MIN,minimum,FEASIBILITY_SPRINT_RECORD_MIN.csv,companion/03_TEMPLATES_MINIMUM/FEASIBILITY_SPRINT_RECORD_MIN.csv,Feasibility Sprint Record - Minimum,Choose,Problem Gate,form,minimum when the mapped decision applies,all eight routes,FEASIBILITY_SPRINT_RECORD_FULL.csv,Test the most expensive uncertainty before full commitment.,Complete only when the current decision requires this record.,"Do not treat form completion as evidence, authority, approval or gate passage.","The test produces inspectable evidence and one of continue, narrow, pivot or stop.",Decisions: continue; narrow; pivot; stop,2.6 Run a bounded feasibility sprint,Project Start Pack / opening control,Evidence Gate,"controlled project metadata; no credentials, direct identifiers or confidential payloads",RELEASED AND VALIDATED — PUBLIC COMPANION v1.2.0
7,MIN-GATE_RECORD_MIN,minimum,GATE_RECORD_MIN.csv,companion/03_TEMPLATES_MINIMUM/GATE_RECORD_MIN.csv,Gate Record - Minimum,Cross-cutting,Current gate,ledger,minimum when the mapped decision applies,all eight routes,GATE_RECORD_FULL.csv,"Record the decision, evidence status, strongest objection and return route for one gate.",Add one row per inspectable object. Preserve stable identifiers and versions.,"Do not treat form completion as evidence, authority, approval or gate passage.",The decision is justified by named objects and does not hide a missing authority or contradiction.,Decision: pass; pass with conditions; repair; return; await authority; stop.,Cross-cutting companion control; consult BOOK_TO_COMPANION_CROSSWALK.csv,Design Gate,Claim Gate,"controlled project metadata; no credentials, direct identifiers or confidential payloads",RELEASED AND VALIDATED — PUBLIC COMPANION v1.2.0
8,MIN-PROJECT_START_PACK_MIN,minimum,PROJECT_START_PACK_MIN.csv,companion/03_TEMPLATES_MINIMUM/PROJECT_START_PACK_MIN.csv,Project Start Pack - Minimum,Orient,Project Start Pack,form,minimum when the mapped decision applies,all eight routes,PROJECT_START_PACK_FULL.csv,"Establish project identity, access, authority and the first reviewable product.",Complete only when the current decision requires this record.,"Do not treat form completion as evidence, authority, approval or gate passage.","The project can be identified, the access boundary is explicit and a reviewer can authorise one next action.",,1.6 Set up the work before it grows,Project identity and authority evidence,Problem Gate,"controlled project metadata; no credentials, direct identifiers or confidential payloads",RELEASED AND VALIDATED — PUBLIC COMPANION v1.2.0
9,MIN-ROUTE_SELECTOR_MIN,minimum,ROUTE_SELECTOR_MIN.csv,companion/03_TEMPLATES_MINIMUM/ROUTE_SELECTOR_MIN.csv,Route Selector - Minimum,Orient,Project Start Pack,form,minimum when the mapped decision applies,all eight routes,ROUTE_SELECTOR_FULL.csv,Select the dominant route and expose the immediate evidence obligation.,Complete only when the current decision requires this record.,"Do not treat form completion as evidence, authority, approval or gate passage.","One dominant route is named, secondary components are explicit and the prohibited inference is recorded.",Routes: build-and-evaluate; algorithmic or simulation study; predictive or machine-learning study; quantitative empirical study; qualitative inquiry; case study; formal evidence synthesis; hybrid route,"1.1 One technology label, four different pieces of work; 1.2 What are you actually preparing?; 1.3 Choose a provisional inquiry route",Project identity and authority evidence,Problem Gate,"controlled project metadata; no credentials, direct identifiers or confidential payloads",RELEASED AND VALIDATED — PUBLIC COMPANION v1.2.0
10,MIN-SCOPE_CANVAS_MIN,minimum,SCOPE_CANVAS_MIN.csv,companion/03_TEMPLATES_MINIMUM/SCOPE_CANVAS_MIN.csv,SCOPE Canvas - Minimum,Choose,Problem Gate,form,minimum when the mapped decision applies,all eight routes,SCOPE_CANVAS_FULL.csv,"Turn an attractive topic into a bounded, answerable and revisable problem.",Complete only when the current decision requires this record.,"Do not treat form completion as evidence, authority, approval or gate passage.","The research question, evidence obligation and transfer boundary are mutually compatible.",,2.1 The topic that survived the title test and failed the access test; 2.4 Use the SCOPE framing canvas,Project Start Pack / opening control,Evidence Gate,"controlled project metadata; no credentials, direct identifiers or confidential payloads",RELEASED AND VALIDATED — PUBLIC COMPANION v1.2.0
11,MIN-TRACE_RECORD_MIN,minimum,TRACE_RECORD_MIN.csv,companion/03_TEMPLATES_MINIMUM/TRACE_RECORD_MIN.csv,TRACE Record - Minimum,Cross-cutting,All gates,ledger,conditional: consequential generative AI use,all routes when generative AI use is consequential; otherwise not required,TRACE_RECORD_FULL.csv,Record consequential generative-AI assistance and its verification and disposition.,Add one row per inspectable object. Preserve stable identifiers and versions.,"Do not treat form completion as evidence, authority, approval or gate passage.","The student can explain the task, supplied context, candidate output, independent basis and final decision.",Decision: accepted; modified; rejected. AI output is never evidence or authority.,"1.7 Agree how AI may be used; 3.6 Use discovery, citation and AI tools under control",Consequential generative AI use under a permitted task,"Independent verification, disposition and disclosure mapping","do not paste confidential prompts, participant data, credentials or restricted source content",RELEASED AND VALIDATED — PUBLIC COMPANION v1.2.0
12,MIN-VERSION_MANIFEST_RECORD_MIN,minimum,VERSION_MANIFEST_RECORD_MIN.csv,companion/03_TEMPLATES_MINIMUM/VERSION_MANIFEST_RECORD_MIN.csv,Version and Manifest Record - Minimum,Cross-cutting,All closure gates,form,minimum when the mapped decision applies,all eight routes,VERSION_MANIFEST_RECORD_FULL.csv,Preserve one source of truth and identify every derivative.,Complete only when the current decision requires this record.,"Do not treat form completion as evidence, authority, approval or gate passage.","The authoritative object, version, hash, derivatives, rights and privacy status can be reconstructed.",,1.6 Set up the work before it grows,Design Gate,Claim Gate,"controlled project metadata; no credentials, direct identifiers or confidential payloads",RELEASED AND VALIDATED — PUBLIC COMPANION v1.2.0
13,FULL-ACCESSIBILITY_RENDER_AUDIT_FULL,full,ACCESSIBILITY_RENDER_AUDIT_FULL.csv,companion/04_TEMPLATES_FULL/ACCESSIBILITY_RENDER_AUDIT_FULL.csv,Accessibility and Render Audit - Full,Close,Editorial Gate,ledger,conditional escalation when the minimum record is insufficient or the book explicitly requires the fuller audit trail,all eight routes,,Preserve structural accessibility and inspect the rendered object page by page.,Add one row per inspectable object. Preserve stable identifiers and versions.,"Do not treat form completion as evidence, authority, approval or gate passage.","High-impact defects are absent, findings are classified and the proof is tied to the authoritative source.",,8.7 Freeze one authoritative DOCX and prove the rendered object,Argument Gate,Defence Readiness Gate,"controlled project metadata; no credentials, direct identifiers or confidential payloads",RELEASED AND VALIDATED — PUBLIC COMPANION v1.2.0
14,FULL-APPRAISAL_RECORD_FULL,full,APPRAISAL_RECORD_FULL.csv,companion/04_TEMPLATES_FULL/APPRAISAL_RECORD_FULL.csv,Appraisal Record - Full,Search,Evidence Gate,ledger,conditional escalation when the minimum record is insufficient or the book explicitly requires the fuller audit trail,all routes; formal evidence synthesis requires the fullest protocol-led use,,"Separate relevance, authority, methodological quality and fitness for a particular claim.",Add one row per inspectable object. Preserve stable identifiers and versions.,"Do not treat form completion as evidence, authority, approval or gate passage.",Appraisal judgements are explicit and do not collapse prestige into fitness.,,"3.5 Read, verify and appraise load-bearing sources",Problem Gate,Design Gate,bibliographic and source metadata only; do not redistribute restricted full texts,RELEASED AND VALIDATED — PUBLIC COMPANION v1.2.0
15,FULL-ARGUMENT_SPINE_MAP_FULL,full,ARGUMENT_SPINE_MAP_FULL.csv,companion/04_TEMPLATES_FULL/ARGUMENT_SPINE_MAP_FULL.csv,Argument Spine Map - Full,Write,Argument Gate,form,conditional escalation when the minimum record is insufficient or the book explicitly requires the fuller audit trail,all eight routes,,Transform gate records into one bounded answer rather than a chronology.,Complete only when the current decision requires this record.,"Do not treat form completion as evidence, authority, approval or gate passage.","The problem, position, method, evidence, claim, limitation and contribution form one reconstructible chain.",,7.1 The complete-looking thesis that still has no answer; 7.2 Build the argument spine before drafting full chapters; 7.8 Assemble the coherent manuscript and pass the Argument Gate,Claim Gate,Editorial Gate,"controlled project metadata; no credentials, direct identifiers or confidential payloads",RELEASED AND VALIDATED — PUBLIC COMPANION v1.2.0
16,FULL-AUTHORITATIVE_FILE_VERSION_RECORD_FULL,full,AUTHORITATIVE_FILE_VERSION_RECORD_FULL.csv,companion/04_TEMPLATES_FULL/AUTHORITATIVE_FILE_VERSION_RECORD_FULL.csv,Authoritative File and Version Record - Full,Close,Editorial Gate,form,conditional escalation when the minimum record is insufficient or the book explicitly requires the fuller audit trail,all eight routes,,Designate one source of truth and preserve derivative identity.,Complete only when the current decision requires this record.,"Do not treat form completion as evidence, authority, approval or gate passage.","The authoritative DOCX and every derivative have versions, hashes, rights and proof state.",,5.3 Freeze the starting state before consequential action; 8.7 Freeze one authoritative DOCX and prove the rendered object,Design Gate,Claim Gate,"controlled project metadata; no credentials, direct identifiers or confidential payloads",RELEASED AND VALIDATED — PUBLIC COMPANION v1.2.0
17,FULL-AUTHORITY_MATRIX_FULL,full,AUTHORITY_MATRIX_FULL.csv,companion/04_TEMPLATES_FULL/AUTHORITY_MATRIX_FULL.csv,Authority Matrix - Full,Plan,Design Gate,ledger,conditional escalation when the minimum record is insufficient or the book explicitly requires the fuller audit trail,all eight routes,,"Separate advice, academic approval, ethics, data ownership, security and licence authority.",Add one row per inspectable object. Preserve stable identifiers and versions.,"Do not treat form completion as evidence, authority, approval or gate passage.",No approval is used as a substitute for a different authority route.,,"1.5 Who owns which decision?; 4.6 Treat authority, ethics, data, security and licences as design inputs",Project identity and authority evidence,Problem Gate,may reference restricted administrative objects; store only safe identifiers and segregated locators,RELEASED AND VALIDATED — PUBLIC COMPANION v1.2.0
18,FULL-AUTHOR_IDENTITY_HEADLINE_RECORD_FULL,full,AUTHOR_IDENTITY_HEADLINE_RECORD_FULL.csv,companion/04_TEMPLATES_FULL/AUTHOR_IDENTITY_HEADLINE_RECORD_FULL.csv,Author Identity and Headline Consistency Record - Full,Close,Editorial Gate,form,conditional escalation when the minimum record is insufficient or the book explicitly requires the fuller audit trail,all eight routes,,Lock author order and headline layers to one study identity.,Complete only when the current decision requires this record.,"Do not treat form completion as evidence, authority, approval or gate passage.","Title, abstract, keywords, contribution, conclusion and metadata describe the same bounded study.",,"8.3 Lock authorship, headline layers and terminology to one claim",Argument Gate,Defence Readiness Gate,"controlled project metadata; no credentials, direct identifiers or confidential payloads",RELEASED AND VALIDATED — PUBLIC COMPANION v1.2.0
19,FULL-CANDIDATE_ARTEFACT_INSPECTION_RECORD_FULL,full,CANDIDATE_ARTEFACT_INSPECTION_RECORD_FULL.csv,companion/04_TEMPLATES_FULL/CANDIDATE_ARTEFACT_INSPECTION_RECORD_FULL.csv,Candidate Artefact and Inspection Record - Full,Execute,Execution Gate,form,conditional escalation when the minimum record is insufficient or the book explicitly requires the fuller audit trail,all eight routes,,Inspect the primary artefact rather than a summary or dashboard.,Complete only when the current decision requires this record.,"Do not treat form completion as evidence, authority, approval or gate passage.","The object is identified, inspected against declared criteria and given an explicit disposition.",,"5.5 Inspect the primary artefact, preserve failure and decide disposition",Design Gate,Claim Gate,"record versions and evidence locators, not secrets, personal data or proprietary payloads",RELEASED AND VALIDATED — PUBLIC COMPANION v1.2.0
20,FULL-CLAIM_EVIDENCE_MAP_FULL,full,CLAIM_EVIDENCE_MAP_FULL.csv,companion/04_TEMPLATES_FULL/CLAIM_EVIDENCE_MAP_FULL.csv,Claim-Evidence Map - Full,Evaluate and write,Claim / Argument Gate,ledger,conditional escalation when the minimum record is insufficient or the book explicitly requires the fuller audit trail,all eight routes,CLAIM_EVIDENCE_MAP_MIN.csv,"Map each exact claim to evidence, reasoning, uncertainty, boundary and rejected stronger wording.",Add one row per inspectable object. Preserve stable identifiers and versions.,"Do not treat form completion as evidence, authority, approval or gate passage.",Every substantive claim has a reconstructible evidence path and a status.,,6.2 Build the evidence-to-claim chain; 6.8 Assemble the Evaluation and Claim Dossier and pass the Claim Gate; 7.5 Write results as an inspectable evidence record,Execution Gate,Argument Gate,"controlled project metadata; no credentials, direct identifiers or confidential payloads",RELEASED AND VALIDATED — PUBLIC COMPANION v1.2.0
21,FULL-CORE_SOURCE_NOTE_FULL,full,CORE_SOURCE_NOTE_FULL.csv,companion/04_TEMPLATES_FULL/CORE_SOURCE_NOTE_FULL.csv,Core Source Note - Full,Search,Evidence Gate,form,conditional escalation when the minimum record is insufficient or the book explicitly requires the fuller audit trail,all eight routes,,Record what a load-bearing source actually supports and where its scope ends.,Complete only when the current decision requires this record.,"Do not treat form completion as evidence, authority, approval or gate passage.",The source cannot be cited for a broader claim than the note permits.,,"3.5 Read, verify and appraise load-bearing sources; 7.3 Write the introduction and state of the art as a problem-to-position sequence",Problem Gate,Design Gate,bibliographic and source metadata only; do not redistribute restricted full texts,RELEASED AND VALIDATED — PUBLIC COMPANION v1.2.0
22,FULL-CORPUS_LEDGER_FULL,full,CORPUS_LEDGER_FULL.csv,companion/04_TEMPLATES_FULL/CORPUS_LEDGER_FULL.csv,CORPUS Ledger - Full,Search,Evidence Gate,ledger,conditional escalation when the minimum record is insufficient or the book explicitly requires the fuller audit trail,all routes; formal evidence synthesis requires the fullest protocol-led use,CORPUS_LEDGER_MIN.csv,Resolve each candidate object from discovery record to claim-linked use.,Add one row per inspectable object. Preserve stable identifiers and versions.,"Do not treat form completion as evidence, authority, approval or gate passage.","Every load-bearing object has a verified identity, appraisal, access status and study-level mapping where relevant.",,"3.3 Keep records, publications, studies and evidence distinct; 3.4 Use CORPUS to build a traceable evidence base",Problem Gate,Design Gate,bibliographic and source metadata only; do not redistribute restricted full texts,RELEASED AND VALIDATED — PUBLIC COMPANION v1.2.0
23,FULL-CURRENT_SESSION_AUTHORITY_RECORD_FULL,full,CURRENT_SESSION_AUTHORITY_RECORD_FULL.csv,companion/04_TEMPLATES_FULL/CURRENT_SESSION_AUTHORITY_RECORD_FULL.csv,Current Session Authority Record — Full,Submit and defend,Defence Readiness Gate,ledger,conditional escalation when the minimum record is insufficient or the book explicitly requires the fuller audit trail,all eight routes; adapt evidence and demonstration to the selected route,,"Separate dated official sources, operational values, conflicts, clarifications and recheck dates for the current route and session.","Use before relying on a deadline, form, route, portal instruction, examination condition or official exception.","Do not treat form completion as evidence, authority, approval or gate passage.",The operative value is traceable to a current source or named written clarification and conflicts are not concealed.,,9.1 The defence that exposed four incompatible records; 9.2 Lock the current authority map before freezing the record,Editorial Gate,"Defence, closeout and controlled release decision",may reference restricted administrative objects; store only safe identifiers and segregated locators,RELEASED AND VALIDATED — PUBLIC COMPANION v1.2.0
24,FULL-DECIDE_RECORD_FULL,full,DECIDE_RECORD_FULL.csv,companion/04_TEMPLATES_FULL/DECIDE_RECORD_FULL.csv,DECIDE Record - Full,Plan,Design Gate,form,conditional escalation when the minimum record is insufficient or the book explicitly requires the fuller audit trail,all eight routes,DECIDE_RECORD_MIN.csv,Record a consequential decision as a conditional commitment.,Complete only when the current decision requires this record.,"Do not treat form completion as evidence, authority, approval or gate passage.","Alternatives, evidence, authority, adverse consequences, early test and reopening trigger are explicit.",,4.1 Three polished plans that are not yet defensible; 4.2 Treat design as a versioned argument; 4.3 Use DECIDE to turn evidence into a conditional commitment,Evidence Gate,Execution Gate,"controlled project metadata; no credentials, direct identifiers or confidential payloads",RELEASED AND VALIDATED — PUBLIC COMPANION v1.2.0
25,FULL-DEFENCE_QUESTION_MATRIX_FULL,full,DEFENCE_QUESTION_MATRIX_FULL.csv,companion/04_TEMPLATES_FULL/DEFENCE_QUESTION_MATRIX_FULL.csv,Defence Question Matrix - Full,Submit and defend,Defence Readiness Gate,ledger,conditional escalation when the minimum record is insufficient or the book explicitly requires the fuller audit trail,all eight routes; adapt evidence and demonstration to the selected route,DEFENCE_QUESTION_MATRIX_MIN.csv,Prepare evidence-return answers to realistic hostile questions.,Add one row per inspectable object. Preserve stable identifiers and versions.,"Do not treat form completion as evidence, authority, approval or gate passage.","Each answer identifies the claim, evidence, inferential link, uncertainty and boundary.",,"9.6 Answer from evidence, boundary and consequence",Editorial Gate,"Defence, closeout and controlled release decision",may reference restricted administrative objects; store only safe identifiers and segregated locators,RELEASED AND VALIDATED — PUBLIC COMPANION v1.2.0
26,FULL-DEFENCE_READINESS_RECORD_FULL,full,DEFENCE_READINESS_RECORD_FULL.csv,companion/04_TEMPLATES_FULL/DEFENCE_READINESS_RECORD_FULL.csv,Defence Readiness Record - Full,Submit and defend,Defence Readiness Gate,form,conditional escalation when the minimum record is insufficient or the book explicitly requires the fuller audit trail,all eight routes; adapt evidence and demonstration to the selected route,,"Record whether the scientific record, submitted package, demonstration, slides and oral account preserve one contribution.",Complete only when the current decision requires this record.,"Do not treat form completion as evidence, authority, approval or gate passage.","An independent reviewer can retrieve the evidence, challenge the claim and verify disclosures without version drift.",,9.8 Complete the Defence Readiness Dossier and pass its Gate,Editorial Gate,"Defence, closeout and controlled release decision",may reference restricted administrative objects; store only safe identifiers and segregated locators,RELEASED AND VALIDATED — PUBLIC COMPANION v1.2.0
27,FULL-DEMONSTRATION_RUNBOOK_FULL,full,DEMONSTRATION_RUNBOOK_FULL.csv,companion/04_TEMPLATES_FULL/DEMONSTRATION_RUNBOOK_FULL.csv,Demonstration Runbook - Full,Submit and defend,Defence Readiness Gate,ledger,conditional escalation when the minimum record is insufficient or the book explicitly requires the fuller audit trail,all eight routes; adapt evidence and demonstration to the selected route,DEMONSTRATION_RUNBOOK_MIN.csv,"Prepare a route-specific evidential demonstration, failure case and fallback.",Add one row per inspectable object. Preserve stable identifiers and versions.,"Do not treat form completion as evidence, authority, approval or gate passage.",The demonstration is tied to the accepted evidence and cannot imply a stronger claim.,,"9.4 Demonstrate an evidence path, not a product tour",Editorial Gate,"Defence, closeout and controlled release decision","record versions and evidence locators, not secrets, personal data or proprietary payloads",RELEASED AND VALIDATED — PUBLIC COMPANION v1.2.0
28,FULL-EARLY_TEST_RECORD_FULL,full,EARLY_TEST_RECORD_FULL.csv,companion/04_TEMPLATES_FULL/EARLY_TEST_RECORD_FULL.csv,Early Test Record - Full,Plan,Design Gate,form,conditional escalation when the minimum record is insufficient or the book explicitly requires the fuller audit trail,all eight routes,,Test one consequential design commitment before full execution.,Complete only when the current decision requires this record.,"Do not treat form completion as evidence, authority, approval or gate passage.","The test result can confirm conditionally, repair, invalidate or await authority.",,4.4 Plan a proportionate software artefact; 4.7 Design evaluation and controlled change before execution,Evidence Gate,Execution Gate,"controlled project metadata; no credentials, direct identifiers or confidential payloads",RELEASED AND VALIDATED — PUBLIC COMPANION v1.2.0
29,FULL-EDITORIAL_REVISION_MAP_FULL,full,EDITORIAL_REVISION_MAP_FULL.csv,companion/04_TEMPLATES_FULL/EDITORIAL_REVISION_MAP_FULL.csv,Editorial Revision Map — Full,Close,Editorial Gate,ledger,conditional escalation when the minimum record is insufficient or the book explicitly requires the fuller audit trail,all eight routes,,"Control meaning-changing and technically consequential edits by location, scale, authority, return gate and retest.","Use when an edit can affect the question, method, evidence, claim, source, right, field, figure, table or proof state.","Do not treat form completion as evidence, authority, approval or gate passage.","Every consequential revision has an authorised action, effect analysis, retest and final disposition.",,8.1 The polished draft that became a different study; 8.2 Revise at three semantic scales before technical closure,Argument Gate,Defence Readiness Gate,"controlled project metadata; no credentials, direct identifiers or confidential payloads",RELEASED AND VALIDATED — PUBLIC COMPANION v1.2.0
30,FULL-EVALUATION_DESIGN_RECORD_FULL,full,EVALUATION_DESIGN_RECORD_FULL.csv,companion/04_TEMPLATES_FULL/EVALUATION_DESIGN_RECORD_FULL.csv,Evaluation Design Record - Full,Evaluate,Claim Gate,form,conditional escalation when the minimum record is insufficient or the book explicitly requires the fuller audit trail,all eight routes,,Design evaluation backwards from the minimum meaningful claim.,Complete only when the current decision requires this record.,"Do not treat form completion as evidence, authority, approval or gate passage.","The comparison, evidence body, uncertainty, counter-evidence and forbidden inference are declared before interpretation.",,"4.7 Design evaluation and controlled change before execution; 6.3 Design the evaluation from the claim backwards; 6.6 Test robustness, reproducibility and transfer",Evidence Gate,Execution Gate,"controlled project metadata; no credentials, direct identifiers or confidential payloads",RELEASED AND VALIDATED — PUBLIC COMPANION v1.2.0
31,FULL-EVIDENTIAL_OBJECT_NAVIGATION_AUDIT_FULL,full,EVIDENTIAL_OBJECT_NAVIGATION_AUDIT_FULL.csv,companion/04_TEMPLATES_FULL/EVIDENTIAL_OBJECT_NAVIGATION_AUDIT_FULL.csv,Evidential Object and Navigation Audit - Full,Close,Editorial Gate,ledger,conditional escalation when the minimum record is insufficient or the book explicitly requires the fuller audit trail,all eight routes,,"Audit the semantic and technical integrity of figures, tables, equations, listings and cross-references.",Add one row per inspectable object. Preserve stable identifiers and versions.,"Do not treat form completion as evidence, authority, approval or gate passage.",Every object represents the accepted study and every destination works.,,7.5 Write results as an inspectable evidence record; 8.5 Audit every evidential object and cross-reference,Claim Gate,Editorial Gate,"controlled project metadata; no credentials, direct identifiers or confidential payloads",RELEASED AND VALIDATED — PUBLIC COMPANION v1.2.0
32,FULL-EXECUTION_PROVENANCE_RECORD_FULL,full,EXECUTION_PROVENANCE_RECORD_FULL.csv,companion/04_TEMPLATES_FULL/EXECUTION_PROVENANCE_RECORD_FULL.csv,"Execution, Context and Provenance Record - Full",Execute,Execution Gate,ledger,conditional escalation when the minimum record is insufficient or the book explicitly requires the fuller audit trail,all eight routes,,Preserve lineage from starting state to candidate and accepted work.,Add one row per inspectable object. Preserve stable identifiers and versions.,"Do not treat form completion as evidence, authority, approval or gate passage.","A reviewer can reconstruct versions, environment, manual interventions, failures and disposition.",,"5.7 Preserve lineage, deviations and recovery; 6.6 Test robustness, reproducibility and transfer; 7.4 Write methodology, architecture and implementation as the route that actually produced the evidence",Design Gate,Claim Gate,"record versions and evidence locators, not secrets, personal data or proprietary payloads",RELEASED AND VALIDATED — PUBLIC COMPANION v1.2.0
33,FULL-FEASIBILITY_SPRINT_RECORD_FULL,full,FEASIBILITY_SPRINT_RECORD_FULL.csv,companion/04_TEMPLATES_FULL/FEASIBILITY_SPRINT_RECORD_FULL.csv,Feasibility Sprint Record - Full,Choose,Problem Gate,form,conditional escalation when the minimum record is insufficient or the book explicitly requires the fuller audit trail,all eight routes,FEASIBILITY_SPRINT_RECORD_MIN.csv,"Test a costly uncertainty through a bounded, safe and evidential action.",Complete only when the current decision requires this record.,"Do not treat form completion as evidence, authority, approval or gate passage.","The sprint produces retained evidence and a defensible continue, narrow, pivot or stop decision.",,"2.6 Run a bounded feasibility sprint; 2.7 Continue, narrow, pivot or stop",Project Start Pack / opening control,Evidence Gate,"controlled project metadata; no credentials, direct identifiers or confidential payloads",RELEASED AND VALIDATED — PUBLIC COMPANION v1.2.0
34,FULL-GATE_RECORD_FULL,full,GATE_RECORD_FULL.csv,companion/04_TEMPLATES_FULL/GATE_RECORD_FULL.csv,Gate Record — Full,Cross-cutting,Relevant gate,ledger,conditional escalation when the minimum record is insufficient or the book explicitly requires the fuller audit trail,all eight routes,GATE_RECORD_MIN.csv,"Record a complete gate disposition, including the strongest objection, unresolved authority, conditions and earliest return gate.",Use for every consequential gate decision or when a minimum gate row cannot preserve the review basis.,"Do not treat form completion as evidence, authority, approval or gate passage.","The decision is supported by named authoritative objects, unresolved authority is explicit and the return route is executable.",,"1.8 Build your Project Start Pack; 2.7 Continue, narrow, pivot or stop; 2.8 Build the one-page proposal and pass the Problem Gate; 3.8 Build the Evidence Base Pack and pass the Evidence Gate; 4.8 Assemble the Approved Project Protocol and pass the Design Gate; 5.8 Assemble the Execution Dossier and pass the Execution Gate; 6.8 Assemble the Evaluation and Claim Dossier and pass the Claim Gate; 7.8 Assemble the coherent manuscript and pass the Argument Gate",Project Start Pack / opening control,Evidence Gate,"controlled project metadata; no credentials, direct identifiers or confidential payloads",RELEASED AND VALIDATED — PUBLIC COMPANION v1.2.0
35,FULL-MILESTONE_EVIDENCE_REGISTER_FULL,full,MILESTONE_EVIDENCE_REGISTER_FULL.csv,companion/04_TEMPLATES_FULL/MILESTONE_EVIDENCE_REGISTER_FULL.csv,Milestone Evidence Register — Full,Cross-cutting,All gates,ledger,conditional escalation when the minimum record is insufficient or the book explicitly requires the fuller audit trail,all eight routes,,"Map each milestone or gate to its required scientific, administrative or release record, current version, retained proof and missing-condition response.","Use when several records, authorities or dates must be controlled across the project lifecycle.","Do not treat form completion as evidence, authority, approval or gate passage.","Every milestone has an owner, accepted version, retained evidence, storage boundary and explicit response to missing or stale objects.",,3.8 Build the Evidence Base Pack and pass the Evidence Gate; 4.8 Assemble the Approved Project Protocol and pass the Design Gate; 5.8 Assemble the Execution Dossier and pass the Execution Gate; 8.8 Assemble the Editorial Closure Dossier and pass the Editorial Gate,,,"controlled project metadata; no credentials, direct identifiers or confidential payloads",RELEASED AND VALIDATED — PUBLIC COMPANION v1.2.0
36,FULL-MOCK_DEFENCE_AND_RECOVERY_RECORD_FULL,full,MOCK_DEFENCE_AND_RECOVERY_RECORD_FULL.csv,companion/04_TEMPLATES_FULL/MOCK_DEFENCE_AND_RECOVERY_RECORD_FULL.csv,Mock Defence And Recovery Record — Full,Submit and defend,Defence Readiness Gate,ledger,conditional escalation when the minimum record is insufficient or the book explicitly requires the fuller audit trail,all eight routes; adapt evidence and demonstration to the selected route,,"Record unseen-question, evidence-retrieval, failure, fallback and incident tests and the recovery action they require.",Use for independent rehearsals and any retest after a blocking defence defect.,"Do not treat form completion as evidence, authority, approval or gate passage.","The tested person can retrieve evidence, state limits, recover safely and identify the earliest gate responsible for failure.",,"9.7 Run a blind navigation, failure and mock-defence test",Editorial Gate,"Defence, closeout and controlled release decision",may reference restricted administrative objects; store only safe identifiers and segregated locators,RELEASED AND VALIDATED — PUBLIC COMPANION v1.2.0
37,FULL-PACKAGE_CONSISTENCY_RECORD_FULL,full,PACKAGE_CONSISTENCY_RECORD_FULL.csv,companion/04_TEMPLATES_FULL/PACKAGE_CONSISTENCY_RECORD_FULL.csv,Package Consistency Record — Full,Submit and defend,Defence Readiness Gate,ledger,conditional escalation when the minimum record is insufficient or the book explicitly requires the fuller audit trail,all eight routes; adapt evidence and demonstration to the selected route,,"Test scientific-content identity across the authoritative source, official artefacts, evidence package, slides, demonstration and public-release candidate.","Use before submission freeze, examination-copy production, defence rehearsal or external release.","Do not treat form completion as evidence, authority, approval or gate passage.","No interface changes the question, corpus, release, result, uncertainty, conclusion, rights or disclosure state.",,9.1 The defence that exposed four incompatible records; 9.3 Build one assessable record across controlled interfaces,Editorial Gate,"Defence, closeout and controlled release decision",may reference restricted administrative objects; store only safe identifiers and segregated locators,RELEASED AND VALIDATED — PUBLIC COMPANION v1.2.0
38,FULL-PRESENTATION_SPINE_RECORD_FULL,full,PRESENTATION_SPINE_RECORD_FULL.csv,companion/04_TEMPLATES_FULL/PRESENTATION_SPINE_RECORD_FULL.csv,Presentation Spine Record — Full,Submit and defend,Defence Readiness Gate,ledger,conditional escalation when the minimum record is insufficient or the book explicitly requires the fuller audit trail,all eight routes; adapt evidence and demonstration to the selected route,,"Compress the accepted argument into a timed, accessible and claim-bounded presentation without restoring rejected wording.",Use when building or revising the defence presentation.,"Do not treat form completion as evidence, authority, approval or gate passage.","Every block has a purpose, evidence anchor, boundary, source location, time budget and rehearsal result.",,9.5 Build a claim-led presentation with a compressible spine,Editorial Gate,"Defence, closeout and controlled release decision","controlled project metadata; no credentials, direct identifiers or confidential payloads",RELEASED AND VALIDATED — PUBLIC COMPANION v1.2.0
39,FULL-PROJECT_START_PACK_FULL,full,PROJECT_START_PACK_FULL.csv,companion/04_TEMPLATES_FULL/PROJECT_START_PACK_FULL.csv,Project Start Pack - Full,Orient,Project Start Pack,form,conditional escalation when the minimum record is insufficient or the book explicitly requires the fuller audit trail,all eight routes,PROJECT_START_PACK_MIN.csv,"Establish the product, route, access, authority, workspace and first controlled deliverable.",Complete only when the current decision requires this record.,"Do not treat form completion as evidence, authority, approval or gate passage.","A reviewer can identify the project, inspect access and risk, then authorise one bounded next action.",,"1.4 Bachelor’s and master’s work: the same evidential spine, different expectations; 1.8 Build your Project Start Pack",Project identity and authority evidence,Problem Gate,"controlled project metadata; no credentials, direct identifiers or confidential payloads",RELEASED AND VALIDATED — PUBLIC COMPANION v1.2.0
40,FULL-RISK_ASSUMPTION_REGISTER_FULL,full,RISK_ASSUMPTION_REGISTER_FULL.csv,companion/04_TEMPLATES_FULL/RISK_ASSUMPTION_REGISTER_FULL.csv,Risk and Assumption Register - Full,Plan,Design Gate,ledger,conditional escalation when the minimum record is insufficient or the book explicitly requires the fuller audit trail,all eight routes,,"Make consequential assumptions, risks, mitigations and reopening triggers inspectable.",Add one row per inspectable object. Preserve stable identifiers and versions.,"Do not treat form completion as evidence, authority, approval or gate passage.","Every high-impact item has an owner, test or mitigation and a decision consequence.",,4.4 Plan a proportionate software artefact,Project Start Pack / opening control,Evidence Gate,"controlled project metadata; no credentials, direct identifiers or confidential payloads",RELEASED AND VALIDATED — PUBLIC COMPANION v1.2.0
41,FULL-ROUTE_SELECTOR_FULL,full,ROUTE_SELECTOR_FULL.csv,companion/04_TEMPLATES_FULL/ROUTE_SELECTOR_FULL.csv,Route Selector - Full,Orient,Project Start Pack,form,conditional escalation when the minimum record is insufficient or the book explicitly requires the fuller audit trail,all eight routes,ROUTE_SELECTOR_MIN.csv,Select a dominant route through evidence obligations rather than topic vocabulary.,Complete only when the current decision requires this record.,"Do not treat form completion as evidence, authority, approval or gate passage.","The route, unit, comparison, evidence body, uncertainty and forbidden inference are mutually compatible.",Routes: build-and-evaluate; algorithmic or simulation study; predictive or machine-learning study; quantitative empirical study; qualitative inquiry; case study; formal evidence synthesis; hybrid route,"1.2 What are you actually preparing?; 1.4 Bachelor’s and master’s work: the same evidential spine, different expectations",Project identity and authority evidence,Problem Gate,"controlled project metadata; no credentials, direct identifiers or confidential payloads",RELEASED AND VALIDATED — PUBLIC COMPANION v1.2.0
42,FULL-SCOPE_CANVAS_FULL,full,SCOPE_CANVAS_FULL.csv,companion/04_TEMPLATES_FULL/SCOPE_CANVAS_FULL.csv,SCOPE Canvas - Full,Choose,Problem Gate,form,conditional escalation when the minimum record is insufficient or the book explicitly requires the fuller audit trail,all eight routes,SCOPE_CANVAS_MIN.csv,"Externalise scope, evidence, boundaries and uncertainty before commitment.",Complete only when the current decision requires this record.,"Do not treat form completion as evidence, authority, approval or gate passage.","The question, route, evidence, contribution and reopening triggers form a coherent contract.",,"2.2 Choose for sustained interest, not technological comfort; 2.3 Separate the topic from the problem and the solution; 2.4 Use the SCOPE framing canvas; 2.5 Formulate the question and a provisional contribution; 2.8 Build the one-page proposal and pass the Problem Gate",Project Start Pack / opening control,Evidence Gate,"controlled project metadata; no credentials, direct identifiers or confidential payloads",RELEASED AND VALIDATED — PUBLIC COMPANION v1.2.0
43,FULL-SEARCH_STRATEGY_RECORD_FULL,full,SEARCH_STRATEGY_RECORD_FULL.csv,companion/04_TEMPLATES_FULL/SEARCH_STRATEGY_RECORD_FULL.csv,Search Strategy Record - Full,Search,Evidence Gate,ledger,conditional escalation when the minimum record is insufficient or the book explicitly requires the fuller audit trail,all routes; formal evidence synthesis requires the fullest protocol-led use,,"Make discovery routes, dates, strings and limits inspectable.",Add one row per inspectable object. Preserve stable identifiers and versions.,"Do not treat form completion as evidence, authority, approval or gate passage.",A third party can reconstruct the search sufficiently to understand the corpus boundary.,,3.1 The bibliography that passed APA and failed the question; 3.2 Choose the right literature task,Problem Gate,Design Gate,bibliographic and source metadata only; do not redistribute restricted full texts,RELEASED AND VALIDATED — PUBLIC COMPANION v1.2.0
44,FULL-SECTION_CONTRACT_REGISTER_FULL,full,SECTION_CONTRACT_REGISTER_FULL.csv,companion/04_TEMPLATES_FULL/SECTION_CONTRACT_REGISTER_FULL.csv,Section Contract Register - Full,Write,Argument Gate,ledger,conditional escalation when the minimum record is insufficient or the book explicitly requires the fuller audit trail,all eight routes,,"Assign each manuscript section an intellectual function, evidence set and boundary.",Add one row per inspectable object. Preserve stable identifiers and versions.,"Do not treat form completion as evidence, authority, approval or gate passage.",No section exists only because a conventional heading was expected.,,"7.3 Write the introduction and state of the art as a problem-to-position sequence; 7.4 Write methodology, architecture and implementation as the route that actually produced the evidence",Claim Gate,Editorial Gate,"controlled project metadata; no credentials, direct identifiers or confidential payloads",RELEASED AND VALIDATED — PUBLIC COMPANION v1.2.0
45,FULL-SIMILARITY_AI_AUTHORSHIP_RECORD_FULL,full,SIMILARITY_AI_AUTHORSHIP_RECORD_FULL.csv,companion/04_TEMPLATES_FULL/SIMILARITY_AI_AUTHORSHIP_RECORD_FULL.csv,"Similarity, AI and Authorship Record - Full",Close,Editorial Gate,form,conditional escalation when the minimum record is insufficient or the book explicitly requires the fuller audit trail,all eight routes,,"Separate similarity, attribution, text recycling, AI disclosure and oral ownership.",Complete only when the current decision requires this record.,"Do not treat form completion as evidence, authority, approval or gate passage.",No detector or score is used as a substitute for source verification or authorship responsibility.,,8.6 Prepare ethically for similarity and authorship review,Argument Gate,Defence Readiness Gate,"do not paste confidential prompts, participant data, credentials or restricted source content",RELEASED AND VALIDATED — PUBLIC COMPANION v1.2.0
46,FULL-SOURCE_RIGHTS_ATTRIBUTION_RECORD_FULL,full,SOURCE_RIGHTS_ATTRIBUTION_RECORD_FULL.csv,companion/04_TEMPLATES_FULL/SOURCE_RIGHTS_ATTRIBUTION_RECORD_FULL.csv,"Source, Rights and Attribution Record - Full",Close,Editorial Gate,ledger,conditional escalation when the minimum record is insufficient or the book explicitly requires the fuller audit trail,all eight routes,,"Verify source identity, claim fitness, attribution and rights bidirectionally.",Add one row per inspectable object. Preserve stable identifiers and versions.,"Do not treat form completion as evidence, authority, approval or gate passage.","Every load-bearing source and reused object has a defensible identity, use and rights status.",,"4.6 Treat authority, ethics, data, security and licences as design inputs; 8.4 Verify citations, sources, rights and attribution bidirectionally",Argument Gate,Defence Readiness Gate,bibliographic and source metadata only; do not redistribute restricted full texts,RELEASED AND VALIDATED — PUBLIC COMPANION v1.2.0
47,FULL-SUBMISSION_PACKAGE_MANIFEST_FULL,full,SUBMISSION_PACKAGE_MANIFEST_FULL.csv,companion/04_TEMPLATES_FULL/SUBMISSION_PACKAGE_MANIFEST_FULL.csv,Submission Package Manifest - Full,Submit and defend,Defence Readiness Gate,ledger,conditional escalation when the minimum record is insufficient or the book explicitly requires the fuller audit trail,all eight routes; adapt evidence and demonstration to the selected route,,"Separate institutional submission objects, private evidence and unpublished release candidates.",Add one row per inspectable object. Preserve stable identifiers and versions.,"Do not treat form completion as evidence, authority, approval or gate passage.","Every file has a role, version, hash, rights status and destination; no private object is published accidentally.",,9.3 Build one assessable record across controlled interfaces,Editorial Gate,"Defence, closeout and controlled release decision",may reference restricted administrative objects; store only safe identifiers and segregated locators,RELEASED AND VALIDATED — PUBLIC COMPANION v1.2.0
48,FULL-SYNTHESIS_MEMO_FULL,full,SYNTHESIS_MEMO_FULL.csv,companion/04_TEMPLATES_FULL/SYNTHESIS_MEMO_FULL.csv,Synthesis Memo - Full,Search,Evidence Gate,form,conditional escalation when the minimum record is insufficient or the book explicitly requires the fuller audit trail,all routes; formal evidence synthesis requires the fullest protocol-led use,,"Convert source notes into a bounded pattern, contradiction or uncertainty.",Complete only when the current decision requires this record.,"Do not treat form completion as evidence, authority, approval or gate passage.","The memo states the evidence base, synthesis logic, counter-evidence and consequence for the project.",,"3.7 Synthesise patterns, contradictions and the bounded gap",Problem Gate,Design Gate,bibliographic and source metadata only; do not redistribute restricted full texts,RELEASED AND VALIDATED — PUBLIC COMPANION v1.2.0
49,FULL-TRACE_RECORD_FULL,full,TRACE_RECORD_FULL.csv,companion/04_TEMPLATES_FULL/TRACE_RECORD_FULL.csv,TRACE Record - Full,Cross-cutting,All gates,ledger,conditional: consequential generative AI use,all routes when generative AI use is consequential; otherwise not required,TRACE_RECORD_MIN.csv,"Record consequential AI use from task to verification, disposition and disclosure.",Add one row per inspectable object. Preserve stable identifiers and versions.,"Do not treat form completion as evidence, authority, approval or gate passage.",No AI output is treated as evidence or authority and the student retains semantic responsibility.,,"6.7 Use AI as an adversary, never as a certifier; 7.7 Use AI to diagnose and revise without surrendering authorship",Consequential generative AI use under a permitted task,"Independent verification, disposition and disclosure mapping","do not paste confidential prompts, participant data, credentials or restricted source content",RELEASED AND VALIDATED — PUBLIC COMPANION v1.2.0
50,FULL-UNCERTAINTY_COUNTER_EVIDENCE_RECORD_FULL,full,UNCERTAINTY_COUNTER_EVIDENCE_RECORD_FULL.csv,companion/04_TEMPLATES_FULL/UNCERTAINTY_COUNTER_EVIDENCE_RECORD_FULL.csv,Uncertainty and Counter-Evidence Record - Full,Evaluate,Claim Gate,ledger,conditional escalation when the minimum record is insufficient or the book explicitly requires the fuller audit trail,all eight routes,,Preserve uncertainty and evidence that resists the preferred interpretation.,Add one row per inspectable object. Preserve stable identifiers and versions.,"Do not treat form completion as evidence, authority, approval or gate passage.","Negative, null-compatible, inconclusive and invalid results are distinguished and have a disposition.",,"6.5 Interpret magnitude, uncertainty and counter-evidence; 7.6 Write discussion, limitations and conclusions as the bounded answer",Execution Gate,Argument Gate,"controlled project metadata; no credentials, direct identifiers or confidential payloads",RELEASED AND VALIDATED — PUBLIC COMPANION v1.2.0
51,FULL-VERSION_MANIFEST_RECORD_FULL,full,VERSION_MANIFEST_RECORD_FULL.csv,companion/04_TEMPLATES_FULL/VERSION_MANIFEST_RECORD_FULL.csv,Version and Manifest Record - Full,Cross-cutting,All closure gates,form,conditional escalation when the minimum record is insufficient or the book explicitly requires the fuller audit trail,all eight routes,VERSION_MANIFEST_RECORD_MIN.csv,"Preserve provenance, supersession and derivative identity for every controlled package.",Complete only when the current decision requires this record.,"Do not treat form completion as evidence, authority, approval or gate passage.","A third party can identify the source of truth, its derivatives and the status of rights, privacy and proof.",,"4.2 Treat design as a versioned argument; 5.3 Freeze the starting state before consequential action; 5.7 Preserve lineage, deviations and recovery",,,"controlled project metadata; no credentials, direct identifiers or confidential payloads",RELEASED AND VALIDATED — PUBLIC COMPANION v1.2.0
52,FULL-WORK_UNIT_BRIEF_FULL,full,WORK_UNIT_BRIEF_FULL.csv,companion/04_TEMPLATES_FULL/WORK_UNIT_BRIEF_FULL.csv,Work-Unit Brief - Full,Execute,Execution Gate,form,conditional escalation when the minimum record is insufficient or the book explicitly requires the fuller audit trail,all eight routes,,Bound one authorised unit of execution and its admission criteria.,Complete only when the current decision requires this record.,"Do not treat form completion as evidence, authority, approval or gate passage.","The unit has a known starting state, expected evidence, failure rule and disposition path.",,5.1 The successful run that proves too little; 5.2 Treat every output as a candidate work unit; 5.4 Execute route-specific units without collapsing inference boundaries,Design Gate,Claim Gate,"record versions and evidence locators, not secrets, personal data or proprietary payloads",RELEASED AND VALIDATED — PUBLIC COMPANION v1.2.0
