path,sha256,size_bytes,media_type,release_scope,licence,privacy_status,source_role
.gitattributes,3aa361b2b74a9a38f8266a5d46a8a86b78dccfda2964b27ab562e50e7f7b6488,289,application/octet-stream,PUBLIC_RELEASE,CC BY 4.0,PUBLIC_SCREENED,repository_governance
.github/workflows/validate.yml,900d24ccaed307a45afc0d6ab9a0286ee069a598080974e9a3098c338d2207bf,339,application/yaml,PUBLIC_RELEASE,MIT,PUBLIC_SCREENED,continuous_validation
.gitignore,8512effb046ca5f1cf0d0f9a6964fb4071470e9df751b3cb61032766a7155726,148,application/octet-stream,PUBLIC_RELEASE,CC BY 4.0,PUBLIC_SCREENED,repository_governance
.zenodo.json,7c7c90310155b1e655ed11b70eb80c8bc6bb135bd9a4a91e16d5e0b47f5847a6,1158,application/json,PUBLIC_RELEASE,CC BY 4.0,PUBLIC_SCREENED,repository_governance
CHANGELOG.md,8f91d493172e8fb0475c0052d421ed1b52b9db28ba11c9e79e0a2ea3b0b06f6b,954,text/markdown,PUBLIC_RELEASE,CC BY 4.0,PUBLIC_SCREENED,repository_governance
CITATION.cff,6f57c0de266f145ea2c8587d2eebb0715ddb715ab5a13603a2b563beace78d60,1162,application/x-yaml,PUBLIC_RELEASE,CC BY 4.0,PUBLIC_SCREENED,repository_governance
CONTRIBUTING.md,ffac580ab0f9414063c6c3e64dcd0f7e5b2a4d229b8c0a33825f628cb7148e12,579,text/markdown,PUBLIC_RELEASE,CC BY 4.0,PUBLIC_SCREENED,repository_governance
LICENSE-CODE,0dee0c757eedc1d3c1dfd36752a47d91d3d4f258817eaa43404076a5880041e5,1069,application/octet-stream,PUBLIC_RELEASE,CC BY 4.0,PUBLIC_SCREENED,repository_governance
LICENSE-DOCUMENTATION.md,8c264706122fac49b7e6a675c7a52da8e31d312c22d28049f013e1eb4fce9b0f,848,text/markdown,PUBLIC_RELEASE,CC BY 4.0,PUBLIC_SCREENED,repository_governance
PRIVACY_AND_SECURITY.md,50597e3ae10edc8d324cee5cac42f443cdf785c1558db802c451f385650c0f2a,574,text/markdown,PUBLIC_RELEASE,CC BY 4.0,PUBLIC_SCREENED,repository_governance
README.md,c1bfe7618adb0c669898310f308bfee4b4745e2b3220f791fc2adb2244a16ee3,2656,text/markdown,PUBLIC_RELEASE,CC BY 4.0,PUBLIC_SCREENED,repository_governance
REPOSITORY_CONTENT_POLICY.md,3896de49010d16bfaf54f96e647dae7c3a4a9aa9b006baf9bcdab59f50aae843,552,text/markdown,PUBLIC_RELEASE,CC BY 4.0,PUBLIC_SCREENED,repository_governance
RIGHTS_AND_RELEASE_STATUS.md,cfb7a1804c3ca6b570b6e18d8ae15a9f3ffdd8a5fe22a3d037797f8fe5bb6b66,811,text/markdown,PUBLIC_RELEASE,CC BY 4.0,PUBLIC_SCREENED,repository_governance
SECURITY.md,41842fa69ab5dbc6fd68eac84afb44674f34edadadf8d5b16c422e19f5720399,346,text/markdown,PUBLIC_RELEASE,CC BY 4.0,PUBLIC_SCREENED,repository_governance
SUPPORT.md,940b51829ebc57a064054fd1a03980f8559963f49aa6bb099d027ba5583e742a,361,text/markdown,PUBLIC_RELEASE,CC BY 4.0,PUBLIC_SCREENED,repository_governance
TITLE_AND_VERSION_SUPERSESSION_NOTICE.md,d72bbeba242d3e2365135117593d3d3d0d479c260a002537beebc28da2c80a20,467,text/markdown,PUBLIC_RELEASE,CC BY 4.0,PUBLIC_SCREENED,repository_governance
VERSION,1e5b51cde515396a9fa762909cf8ca6584ccc564b325d2eebeea76175fe95c4d,6,application/octet-stream,PUBLIC_RELEASE,CC BY 4.0,PUBLIC_SCREENED,repository_governance
VERSION.txt,90dcb5cbbe1217417415b8324d6030d61ce0d3906ac844f96f1935763a02af8a,524,text/plain,PUBLIC_RELEASE,CC BY 4.0,PUBLIC_SCREENED,repository_governance
companion/00_READ_FIRST/BOOK_AND_COMPANION_ROLES.md,d658b6cb66a3566ff686354ab82e6b1704b675e2b54a19985edb226f33405ef3,554,text/markdown,PUBLIC_RELEASE,CC BY 4.0,PUBLIC_SCREENED,digital_companion_content
companion/00_READ_FIRST/KNOWN_LIMITATIONS.md,2b4e9526d18445bca141f1002c8be08682dbe494812c97b69779d46280ddc0bc,665,text/markdown,PUBLIC_RELEASE,CC BY 4.0,PUBLIC_SCREENED,digital_companion_content
companion/00_READ_FIRST/MAINTENANCE_AND_UPDATE_POLICY.md,26ec02adae1f9b4d9a0e6424655597d3ad093ec0a0b04074bc295cfdf3f702a7,656,text/markdown,PUBLIC_RELEASE,CC BY 4.0,PUBLIC_SCREENED,digital_companion_content
companion/00_READ_FIRST/PACKAGE_SUMMARY.json,0e17430438b12d6ac8581a303ffd7429030992d28fdd1331b9f40bf9f96cfbc1,1070,application/json,PUBLIC_RELEASE,CC BY 4.0,PUBLIC_SCREENED,digital_companion_content
companion/00_READ_FIRST/README.md,201092030326fb4c8aab96abe99d9c6541a71caf8f1a58f73f2f844dd0bfda85,956,text/markdown,PUBLIC_RELEASE,CC BY 4.0,PUBLIC_SCREENED,digital_companion_content
companion/00_READ_FIRST/RELEASE_STATUS.md,4299debc51433b8be2621d1bb5ffe0db72ccb870e6298c5a25448328a216e66c,386,text/markdown,PUBLIC_RELEASE,CC BY 4.0,PUBLIC_SCREENED,digital_companion_content
companion/00_READ_FIRST/VERSION.txt,c3d545da29f04df51317ea0164048f524024a74526a687f443233274aabd1ae6,113,text/plain,PUBLIC_RELEASE,CC BY 4.0,PUBLIC_SCREENED,digital_companion_content
companion/01_WORKBOOK/COMPANION_WORKBOOK_v1.2.0.docx,daf2f5987797639de874e4b0bba7b71dd3190470cf3abfe55ff917f0197d9d8c,97233,application/vnd.openxmlformats-officedocument.wordprocessingml.document,PUBLIC_RELEASE,CC BY 4.0,PUBLIC_SCREENED,digital_companion_content
companion/02_QUICK_START/BROWSER_ONLY_USE.md,76f79aae713615fe1a35a605696828680a3719fea44c1d1a351fc227c4d3b1a8,560,text/markdown,PUBLIC_RELEASE,CC BY 4.0,PUBLIC_SCREENED,digital_companion_content
companion/02_QUICK_START/CURRENT_GATE_SELECTOR.csv,0f0fbaf16950b6f356ff63fb3805d5fcaa8cf4aa756aa0ac5843835aff47aa5f,8731,text/csv,PUBLIC_RELEASE,CC BY 4.0,PUBLIC_SCREENED,digital_companion_content
companion/02_QUICK_START/MINIMUM_VIABLE_ROUTE.md,3ed031752f2fc591ea892234aca706a6d02d1fb3e5287c37096979eaf7f974a9,634,text/markdown,PUBLIC_RELEASE,CC BY 4.0,PUBLIC_SCREENED,digital_companion_content
companion/02_QUICK_START/README.md,9eb53ad3e55f0ec00621ceba951945aa07de6d669b4b048956bf63025c21747d,452,text/markdown,PUBLIC_RELEASE,CC BY 4.0,PUBLIC_SCREENED,digital_companion_content
companion/03_TEMPLATES_MINIMUM/CLAIM_EVIDENCE_MAP_MIN.csv,dcb1104c34fab45b565152ea8570929892bc8f2382299531caef0fbadf6b3392,154,text/csv,PUBLIC_RELEASE,CC BY 4.0,PUBLIC_SCREENED,digital_companion_content
companion/03_TEMPLATES_MINIMUM/CORPUS_LEDGER_MIN.csv,fe978c5375b5d893f7dfb252105ee6d3b7f1f86e64fa2bb07983eeda0ce03d10,177,text/csv,PUBLIC_RELEASE,CC BY 4.0,PUBLIC_SCREENED,digital_companion_content
companion/03_TEMPLATES_MINIMUM/DECIDE_RECORD_MIN.csv,c025722e69936bc00134a0293bacf6c3b33f3dda9585d594993d77f71807dec1,182,text/csv,PUBLIC_RELEASE,CC BY 4.0,PUBLIC_SCREENED,digital_companion_content
companion/03_TEMPLATES_MINIMUM/DEFENCE_QUESTION_MATRIX_MIN.csv,106c023dc436f203629464500e90930b6e9ac4de2e26cef83f1f221e9dcb431f,148,text/csv,PUBLIC_RELEASE,CC BY 4.0,PUBLIC_SCREENED,digital_companion_content
companion/03_TEMPLATES_MINIMUM/DEMONSTRATION_RUNBOOK_MIN.csv,cccb98fde413f26bffd4a86b7d30cf86fa8e680e4bac73e14a4d65facca5c774,134,text/csv,PUBLIC_RELEASE,CC BY 4.0,PUBLIC_SCREENED,digital_companion_content
companion/03_TEMPLATES_MINIMUM/FEASIBILITY_SPRINT_RECORD_MIN.csv,44dbe6c773b332da594db70c9d19088f01f91cff81d474a6e86aebe39d25c354,551,text/csv,PUBLIC_RELEASE,CC BY 4.0,PUBLIC_SCREENED,digital_companion_content
companion/03_TEMPLATES_MINIMUM/GATE_RECORD_MIN.csv,fa75219c374f36122204bf39abc5307ab31b71f6f9a3195d0825c3105a4a5ce9,153,text/csv,PUBLIC_RELEASE,CC BY 4.0,PUBLIC_SCREENED,digital_companion_content
companion/03_TEMPLATES_MINIMUM/PROJECT_START_PACK_MIN.csv,3319b74df6cd552b4934168643c71a7e78d1c8a9112bd39b30ebeccc8167b13d,611,text/csv,PUBLIC_RELEASE,CC BY 4.0,PUBLIC_SCREENED,digital_companion_content
companion/03_TEMPLATES_MINIMUM/README.md,52bfe63de9b83f2f55a3d28cac1cb7f4a4dde184157e849417b37a21420edfc4,749,text/markdown,PUBLIC_RELEASE,CC BY 4.0,PUBLIC_SCREENED,digital_companion_content
companion/03_TEMPLATES_MINIMUM/ROUTE_SELECTOR_MIN.csv,8170216f5653ca2dec2b00709cae1a3bc5f3f8351b43a71acc83596ef3d82d65,899,text/csv,PUBLIC_RELEASE,CC BY 4.0,PUBLIC_SCREENED,digital_companion_content
companion/03_TEMPLATES_MINIMUM/SCOPE_CANVAS_MIN.csv,8ecb298f65309514ef204b5fcd2f19850bcaf1d8df5f76228306ccadfbaac2f6,622,text/csv,PUBLIC_RELEASE,CC BY 4.0,PUBLIC_SCREENED,digital_companion_content
companion/03_TEMPLATES_MINIMUM/TRACE_RECORD_MIN.csv,c993be3237f059a6e1375f49291de83743892abfc6237025df924f278661a81b,178,text/csv,PUBLIC_RELEASE,CC BY 4.0,PUBLIC_SCREENED,digital_companion_content
companion/03_TEMPLATES_MINIMUM/VERSION_MANIFEST_RECORD_MIN.csv,78f36236610d2c4de1835a892dd02940c3a9eed5aabf38acb33789f322985f81,526,text/csv,PUBLIC_RELEASE,CC BY 4.0,PUBLIC_SCREENED,digital_companion_content
companion/04_TEMPLATES_FULL/ACCESSIBILITY_RENDER_AUDIT_FULL.csv,c5fcec490a376bae97f9255715124bcaaa9db577e2cd9a808559700f2bf68589,136,text/csv,PUBLIC_RELEASE,CC BY 4.0,PUBLIC_SCREENED,digital_companion_content
companion/04_TEMPLATES_FULL/APPRAISAL_RECORD_FULL.csv,877ec842d5de60c8b26a5fd7564a4218c72ed4b3e4bd1f87a5a2d2ddce82f713,170,text/csv,PUBLIC_RELEASE,CC BY 4.0,PUBLIC_SCREENED,digital_companion_content
companion/04_TEMPLATES_FULL/ARGUMENT_SPINE_MAP_FULL.csv,db0c1f0557478b21e2e2be42ae3e22e6c9f33d73d12fcd5e60dcab6c5b1e6bb1,601,text/csv,PUBLIC_RELEASE,CC BY 4.0,PUBLIC_SCREENED,digital_companion_content
companion/04_TEMPLATES_FULL/AUTHORITATIVE_FILE_VERSION_RECORD_FULL.csv,3f4e04d06c0edc6e9e44a8303cc95618d6a6e9562158b7ab125fbc579ae11197,600,text/csv,PUBLIC_RELEASE,CC BY 4.0,PUBLIC_SCREENED,digital_companion_content
companion/04_TEMPLATES_FULL/AUTHORITY_MATRIX_FULL.csv,843a809a284dc834aae235ed7f9ee79e0b27dba674526bd1b8e968249c9fd368,159,text/csv,PUBLIC_RELEASE,CC BY 4.0,PUBLIC_SCREENED,digital_companion_content
companion/04_TEMPLATES_FULL/AUTHOR_IDENTITY_HEADLINE_RECORD_FULL.csv,51a2a72f5ad613b2476dea8c26370460de1e1f61d0a7eec1c39cece8d6a47c79,600,text/csv,PUBLIC_RELEASE,CC BY 4.0,PUBLIC_SCREENED,digital_companion_content
companion/04_TEMPLATES_FULL/CANDIDATE_ARTEFACT_INSPECTION_RECORD_FULL.csv,1e9cfe85002d1348980ade3bfe03ed37d6f4bd01ee50911860e5611ba0ef4e7b,705,text/csv,PUBLIC_RELEASE,CC BY 4.0,PUBLIC_SCREENED,digital_companion_content
companion/04_TEMPLATES_FULL/CLAIM_EVIDENCE_MAP_FULL.csv,d0d0ea1ddb4b95624035c3c9fa9114ba5c7f761ede6bc5d02d57738c0ec64620,207,text/csv,PUBLIC_RELEASE,CC BY 4.0,PUBLIC_SCREENED,digital_companion_content
companion/04_TEMPLATES_FULL/CORE_SOURCE_NOTE_FULL.csv,c2a64385694b631ea8e2f360b265b80090bf3d2a233d96544ce9d1e961c44791,830,text/csv,PUBLIC_RELEASE,CC BY 4.0,PUBLIC_SCREENED,digital_companion_content
companion/04_TEMPLATES_FULL/CORPUS_LEDGER_FULL.csv,82121af9b931b97222d10b2a4d01ea6778d1606354ec7ccd32f71f6258f19d2f,242,text/csv,PUBLIC_RELEASE,CC BY 4.0,PUBLIC_SCREENED,digital_companion_content
companion/04_TEMPLATES_FULL/CURRENT_SESSION_AUTHORITY_RECORD_FULL.csv,f9114b5927aa33de20be6f042d6079c3dd9f7a5ff8de81cd864420f0551e0af0,193,text/csv,PUBLIC_RELEASE,CC BY 4.0,PUBLIC_SCREENED,digital_companion_content
companion/04_TEMPLATES_FULL/DECIDE_RECORD_FULL.csv,7fff00116130534ca7b31ce55b51f4c386adca89838ef98d62667cbef27a6ffa,692,text/csv,PUBLIC_RELEASE,CC BY 4.0,PUBLIC_SCREENED,digital_companion_content
companion/04_TEMPLATES_FULL/DEFENCE_QUESTION_MATRIX_FULL.csv,794951f42b79d34b2abf86ae24072a9db93b3762e489dc7613c4e1584c2ffb0b,200,text/csv,PUBLIC_RELEASE,CC BY 4.0,PUBLIC_SCREENED,digital_companion_content
companion/04_TEMPLATES_FULL/DEFENCE_READINESS_RECORD_FULL.csv,a7c952cba8c8a064343d4a41d157755de051b596bfd83bf6dfe0fa1890c0f457,781,text/csv,PUBLIC_RELEASE,CC BY 4.0,PUBLIC_SCREENED,digital_companion_content
companion/04_TEMPLATES_FULL/DEMONSTRATION_RUNBOOK_FULL.csv,7edf19623c26e323d54523b8bc89f64dffda01f10a131aab79deb547c97d26c2,184,text/csv,PUBLIC_RELEASE,CC BY 4.0,PUBLIC_SCREENED,digital_companion_content
companion/04_TEMPLATES_FULL/EARLY_TEST_RECORD_FULL.csv,1523a738f158999c61a0a74457a7ed7cf98360c6a4e8bc10e2f24b52c5cc9253,612,text/csv,PUBLIC_RELEASE,CC BY 4.0,PUBLIC_SCREENED,digital_companion_content
companion/04_TEMPLATES_FULL/EDITORIAL_REVISION_MAP_FULL.csv,f509a4daace56cd5f94f9018f4d8b7b7e119fae5d4a790ee269a0b9babd97d5b,168,text/csv,PUBLIC_RELEASE,CC BY 4.0,PUBLIC_SCREENED,digital_companion_content
companion/04_TEMPLATES_FULL/EVALUATION_DESIGN_RECORD_FULL.csv,c9c86e82c93bb0a67c738a85ecc61ab8cf51e2eb148bdc99fef88d0f87bdfaae,839,text/csv,PUBLIC_RELEASE,CC BY 4.0,PUBLIC_SCREENED,digital_companion_content
companion/04_TEMPLATES_FULL/EVIDENTIAL_OBJECT_NAVIGATION_AUDIT_FULL.csv,62ba83825edd07fcc2e2d316a3113e697e6fbcf1ff52b889b5d0ec71d433a5cb,210,text/csv,PUBLIC_RELEASE,CC BY 4.0,PUBLIC_SCREENED,digital_companion_content
companion/04_TEMPLATES_FULL/EXECUTION_PROVENANCE_RECORD_FULL.csv,5fa0bb4425f082c0618c8ad973779d86b60f05368c1b7493adfe3a435a8d09cb,234,text/csv,PUBLIC_RELEASE,CC BY 4.0,PUBLIC_SCREENED,digital_companion_content
companion/04_TEMPLATES_FULL/FEASIBILITY_SPRINT_RECORD_FULL.csv,b3f5c368149b62d539e70c88e8e0c905caf7b70f07ef20d26dac07bf46528755,858,text/csv,PUBLIC_RELEASE,CC BY 4.0,PUBLIC_SCREENED,digital_companion_content
companion/04_TEMPLATES_FULL/GATE_RECORD_FULL.csv,bf96a5fd764d36ff66a07b510dd137cdb9ee35e71410f947062fac0343910a6a,231,text/csv,PUBLIC_RELEASE,CC BY 4.0,PUBLIC_SCREENED,digital_companion_content
companion/04_TEMPLATES_FULL/MILESTONE_EVIDENCE_REGISTER_FULL.csv,157c819c8de3883ec324e5a95a965faaebedf436850c113a6f585d1f7deb2add,204,text/csv,PUBLIC_RELEASE,CC BY 4.0,PUBLIC_SCREENED,digital_companion_content
companion/04_TEMPLATES_FULL/MOCK_DEFENCE_AND_RECOVERY_RECORD_FULL.csv,9522c2c7818ce962e263e14a202dd36c1586eb4cf9ff8e42472587970a4fc7e2,212,text/csv,PUBLIC_RELEASE,CC BY 4.0,PUBLIC_SCREENED,digital_companion_content
companion/04_TEMPLATES_FULL/PACKAGE_CONSISTENCY_RECORD_FULL.csv,e790b7f3051114527475178b774309464f4b2096ba75372c56b0ce56942d4a06,192,text/csv,PUBLIC_RELEASE,CC BY 4.0,PUBLIC_SCREENED,digital_companion_content
companion/04_TEMPLATES_FULL/PRESENTATION_SPINE_RECORD_FULL.csv,51514fb3f17b7440512ed4ac7c505f31d8007960e6c198db3e51b6cf7fd29971,187,text/csv,PUBLIC_RELEASE,CC BY 4.0,PUBLIC_SCREENED,digital_companion_content
companion/04_TEMPLATES_FULL/PROJECT_START_PACK_FULL.csv,3302a729f922744515c696699c5fbd958aea3b55f7a778f6ac9e53008bab87ed,1041,text/csv,PUBLIC_RELEASE,CC BY 4.0,PUBLIC_SCREENED,digital_companion_content
companion/04_TEMPLATES_FULL/README.md,d56750bcc7a8e2d5990e38e5fdd896d05bf4fc81d786373db0610e86cafd50dd,897,text/markdown,PUBLIC_RELEASE,CC BY 4.0,PUBLIC_SCREENED,digital_companion_content
companion/04_TEMPLATES_FULL/RISK_ASSUMPTION_REGISTER_FULL.csv,4564dc1e1da4f330f9a93d4d3cf50a87d0ad26ab43d25c20f70ea584c9d7c659,143,text/csv,PUBLIC_RELEASE,CC BY 4.0,PUBLIC_SCREENED,digital_companion_content
companion/04_TEMPLATES_FULL/ROUTE_SELECTOR_FULL.csv,1efc6404ebccbbda3ff1c0c2b5e8e60c9f9bdac5df961097b657cd244c34b38a,1083,text/csv,PUBLIC_RELEASE,CC BY 4.0,PUBLIC_SCREENED,digital_companion_content
companion/04_TEMPLATES_FULL/SCOPE_CANVAS_FULL.csv,08eb9e45da17e913fa6b5478534fdd7662fd8e39b83b81c52230a121927f42dc,911,text/csv,PUBLIC_RELEASE,CC BY 4.0,PUBLIC_SCREENED,digital_companion_content
companion/04_TEMPLATES_FULL/SEARCH_STRATEGY_RECORD_FULL.csv,bda9b79d665e860ad855e2d7539f5288a9907f47a427cf9c9bae45494f1909f2,172,text/csv,PUBLIC_RELEASE,CC BY 4.0,PUBLIC_SCREENED,digital_companion_content
companion/04_TEMPLATES_FULL/SECTION_CONTRACT_REGISTER_FULL.csv,4c39ae73ddecdd2a5f54a2ee948aa1b144c184a3dc76c813ee5179f030fb602f,147,text/csv,PUBLIC_RELEASE,CC BY 4.0,PUBLIC_SCREENED,digital_companion_content
companion/04_TEMPLATES_FULL/SIMILARITY_AI_AUTHORSHIP_RECORD_FULL.csv,3da031a56ec3264528ca317f1e57cf97322b0691e51558ab16c68a0378275874,763,text/csv,PUBLIC_RELEASE,CC BY 4.0,PUBLIC_SCREENED,digital_companion_content
companion/04_TEMPLATES_FULL/SOURCE_RIGHTS_ATTRIBUTION_RECORD_FULL.csv,bce9a5cba9070a2efb1883346829b8137a57f3c4769c1835a481ccfadd3e28f4,210,text/csv,PUBLIC_RELEASE,CC BY 4.0,PUBLIC_SCREENED,digital_companion_content
companion/04_TEMPLATES_FULL/SUBMISSION_PACKAGE_MANIFEST_FULL.csv,200d31bcf8edad6b7164118714dde27a5919d1d58c0e5093fd42e0cb8d7fa148,159,text/csv,PUBLIC_RELEASE,CC BY 4.0,PUBLIC_SCREENED,digital_companion_content
companion/04_TEMPLATES_FULL/SYNTHESIS_MEMO_FULL.csv,ee274c7bd3e0ca6b828596ee179d793d84a406cdd57b70baf25e98a1a8259ff6,730,text/csv,PUBLIC_RELEASE,CC BY 4.0,PUBLIC_SCREENED,digital_companion_content
companion/04_TEMPLATES_FULL/TRACE_RECORD_FULL.csv,bffb67e5c017ae996c8e5e0794e5d36387a614ad009d4eff2a6a6aa1fcdf9c58,278,text/csv,PUBLIC_RELEASE,CC BY 4.0,PUBLIC_SCREENED,digital_companion_content
companion/04_TEMPLATES_FULL/UNCERTAINTY_COUNTER_EVIDENCE_RECORD_FULL.csv,449ad7cf544d46339b5a2cf55a85b4ba8d05a6fd5236496b3d61be0c15b25930,165,text/csv,PUBLIC_RELEASE,CC BY 4.0,PUBLIC_SCREENED,digital_companion_content
companion/04_TEMPLATES_FULL/VERSION_MANIFEST_RECORD_FULL.csv,6f1f8840cd6d46587ce8639d65227c4c61d103ad31cbf10b81683cc75bc37085,704,text/csv,PUBLIC_RELEASE,CC BY 4.0,PUBLIC_SCREENED,digital_companion_content
companion/04_TEMPLATES_FULL/WORK_UNIT_BRIEF_FULL.csv,3c79318ee0c2e1c698775686bef479ed7e0c1d121c8020c3a33b365e7cc33a06,650,text/csv,PUBLIC_RELEASE,CC BY 4.0,PUBLIC_SCREENED,digital_companion_content
companion/05_ROUTE_KITS/README.md,c0c89b6d1ba8904118f2b9ebba5e1d7603cf20579139ac124bdf7cb4059d9c24,791,text/markdown,PUBLIC_RELEASE,CC BY 4.0,PUBLIC_SCREENED,digital_companion_content
companion/05_ROUTE_KITS/ROUTE_KIT_CATALOGUE.csv,80dd0709f727801bbbfa09d32e1991b7229d3795bba1c222516b02e4273fbb11,3297,text/csv,PUBLIC_RELEASE,CC BY 4.0,PUBLIC_SCREENED,digital_companion_content
companion/05_ROUTE_KITS/algorithmic_simulation/README.md,244c5fcd8281411d0057e4dafa8fc796b5a0ed20be0956d9d867653d0c23d996,1308,text/markdown,PUBLIC_RELEASE,CC BY 4.0,PUBLIC_SCREENED,digital_companion_content
companion/05_ROUTE_KITS/algorithmic_simulation/RISK_AND_BOUNDARY_REGISTER.csv,e665b2a78af7d39314f63e5ea18e3cf4c600079b21895a5c0701ebf615e87db9,1698,text/csv,PUBLIC_RELEASE,CC BY 4.0,PUBLIC_SCREENED,digital_companion_content
companion/05_ROUTE_KITS/algorithmic_simulation/ROUTE_GATE_PLAN.csv,dfef110788de685c12304e305c97ee2194044b1d2242769a3c504f6f0d8eb951,7481,text/csv,PUBLIC_RELEASE,CC BY 4.0,PUBLIC_SCREENED,digital_companion_content
companion/05_ROUTE_KITS/algorithmic_simulation/ROUTE_RECORD_SELECTION.csv,19dc6d4f45fccb07d8d30777a5a8bacca4887e74a37e59dca5a747b744a87bf1,4385,text/csv,PUBLIC_RELEASE,CC BY 4.0,PUBLIC_SCREENED,digital_companion_content
companion/05_ROUTE_KITS/algorithmic_simulation/worked_example/01_ROUTE_PROFILE_COMPLETED.csv,c3a752f094d92fd1598a838d972417a71e0e9122310d4362065af91ad0e64f00,1640,text/csv,PUBLIC_RELEASE,CC BY 4.0,PUBLIC_SCREENED,digital_companion_content
companion/05_ROUTE_KITS/algorithmic_simulation/worked_example/02_SCOPE_CANVAS_MIN_COMPLETED.csv,778c30a1a4ed01c2d39489a08e92fcb40fdd12a832c8cd310606f410e9c180b8,2375,text/csv,PUBLIC_RELEASE,CC BY 4.0,PUBLIC_SCREENED,digital_companion_content
companion/05_ROUTE_KITS/algorithmic_simulation/worked_example/03_DECIDE_RECORD_MIN_COMPLETED.csv,b25a65cc33e4ced89db1ad96f565490fb52ac8baf025b760a203467b9bfe0499,1179,text/csv,PUBLIC_RELEASE,CC BY 4.0,PUBLIC_SCREENED,digital_companion_content
companion/05_ROUTE_KITS/algorithmic_simulation/worked_example/04_EXECUTION_PROVENANCE_FULL_COMPLETED.csv,4eabbf61791dd83c286d31fd90face1437fb3ca6d3bb4edc2fa8a0e4160c8371,1002,text/csv,PUBLIC_RELEASE,CC BY 4.0,PUBLIC_SCREENED,digital_companion_content
companion/05_ROUTE_KITS/algorithmic_simulation/worked_example/05_EVALUATION_DESIGN_FULL_COMPLETED.csv,00571c669cffdf20066cb320c5f152f6dddc5482c64c2610359ee039a9788c74,2743,text/csv,PUBLIC_RELEASE,CC BY 4.0,PUBLIC_SCREENED,digital_companion_content
companion/05_ROUTE_KITS/algorithmic_simulation/worked_example/06_CLAIM_EVIDENCE_MAP_MIN_COMPLETED.csv,a6070a61fc0afe4dc014856b517ade04aeff961b2b18b8734e3ba52739877f7f,939,text/csv,PUBLIC_RELEASE,CC BY 4.0,PUBLIC_SCREENED,digital_companion_content
companion/05_ROUTE_KITS/algorithmic_simulation/worked_example/07_DEMONSTRATION_RUNBOOK_MIN_COMPLETED.csv,9f319adaf5649bd402c68adb037a1282e1fa2cd9b92c9b71b0f8671aa1be54bb,697,text/csv,PUBLIC_RELEASE,CC BY 4.0,PUBLIC_SCREENED,digital_companion_content
companion/05_ROUTE_KITS/algorithmic_simulation/worked_example/08_DEFENCE_QUESTION_MATRIX_MIN_COMPLETED.csv,3903d759f19cadfaf032c914957e937e8d54ff7fbcf108100c4a5dbce5608f56,781,text/csv,PUBLIC_RELEASE,CC BY 4.0,PUBLIC_SCREENED,digital_companion_content
companion/05_ROUTE_KITS/algorithmic_simulation/worked_example/09_GATE_RECORD_MIN_COMPLETED.csv,84b596e017f7c2c82cc24950b02e5fc612402753aa87f451587c86973d2e9d82,519,text/csv,PUBLIC_RELEASE,CC BY 4.0,PUBLIC_SCREENED,digital_companion_content
companion/05_ROUTE_KITS/algorithmic_simulation/worked_example/EXAMPLE_MANIFEST.csv,933980af6fdd5f7fbfb104f1f7508d1e6f7f3e3f6098e70c96d2955d13b5374b,1134,text/csv,PUBLIC_RELEASE,CC BY 4.0,PUBLIC_SCREENED,digital_companion_content
companion/05_ROUTE_KITS/algorithmic_simulation/worked_example/README.md,f6da816216a7279299e10aca168107da783f357e2f63ce558b7846752455cb98,602,text/markdown,PUBLIC_RELEASE,CC BY 4.0,PUBLIC_SCREENED,digital_companion_content
companion/05_ROUTE_KITS/build_and_evaluate/README.md,589d14ff82bc55e9989ce828a4adaa8dfbbc5a157f8a081b29053b747b3d52fa,1228,text/markdown,PUBLIC_RELEASE,CC BY 4.0,PUBLIC_SCREENED,digital_companion_content
companion/05_ROUTE_KITS/build_and_evaluate/RISK_AND_BOUNDARY_REGISTER.csv,54862e7e3f2a6a1982dc9dcb20463fc3125154cf6f9f5617c8cdfb17e8545408,1657,text/csv,PUBLIC_RELEASE,CC BY 4.0,PUBLIC_SCREENED,digital_companion_content
companion/05_ROUTE_KITS/build_and_evaluate/ROUTE_GATE_PLAN.csv,2b96ba1da85a4a8c8e57b2a7431d92707417046604d5942770384f218e72bc9a,7359,text/csv,PUBLIC_RELEASE,CC BY 4.0,PUBLIC_SCREENED,digital_companion_content
companion/05_ROUTE_KITS/build_and_evaluate/ROUTE_RECORD_SELECTION.csv,19dc6d4f45fccb07d8d30777a5a8bacca4887e74a37e59dca5a747b744a87bf1,4385,text/csv,PUBLIC_RELEASE,CC BY 4.0,PUBLIC_SCREENED,digital_companion_content
companion/05_ROUTE_KITS/build_and_evaluate/worked_example/01_ROUTE_PROFILE_COMPLETED.csv,73bd8932df5fbe977a03bacd3fff9c4e1388fb0c7d60efacdb355de51a1dc6a0,1642,text/csv,PUBLIC_RELEASE,CC BY 4.0,PUBLIC_SCREENED,digital_companion_content
companion/05_ROUTE_KITS/build_and_evaluate/worked_example/02_SCOPE_CANVAS_MIN_COMPLETED.csv,c0a79b352e3efb5f92bc97597d6a5effaa9448824541172a0f17305703c4a62b,2356,text/csv,PUBLIC_RELEASE,CC BY 4.0,PUBLIC_SCREENED,digital_companion_content
companion/05_ROUTE_KITS/build_and_evaluate/worked_example/03_DECIDE_RECORD_MIN_COMPLETED.csv,2c5f5fdf0acdd3e295136c4e260488141b16841bc76a7e8814fe86a967f4a950,1175,text/csv,PUBLIC_RELEASE,CC BY 4.0,PUBLIC_SCREENED,digital_companion_content
companion/05_ROUTE_KITS/build_and_evaluate/worked_example/04_EXECUTION_PROVENANCE_FULL_COMPLETED.csv,c216476a23cf31287e0bd39a2bbbda0d1c28d1ec9218057e7769288c6b2e329e,991,text/csv,PUBLIC_RELEASE,CC BY 4.0,PUBLIC_SCREENED,digital_companion_content
companion/05_ROUTE_KITS/build_and_evaluate/worked_example/05_EVALUATION_DESIGN_FULL_COMPLETED.csv,6f45f7a2969c0d2cf1cbf7f138c60f8e60d0d7511212edf012037b1a01fedff2,2666,text/csv,PUBLIC_RELEASE,CC BY 4.0,PUBLIC_SCREENED,digital_companion_content
companion/05_ROUTE_KITS/build_and_evaluate/worked_example/06_CLAIM_EVIDENCE_MAP_MIN_COMPLETED.csv,fc2f847723f7f12c1ada71b3e3a0783bd340ce4b22d37c06fb5f3f9dac87e66d,976,text/csv,PUBLIC_RELEASE,CC BY 4.0,PUBLIC_SCREENED,digital_companion_content
companion/05_ROUTE_KITS/build_and_evaluate/worked_example/07_DEMONSTRATION_RUNBOOK_MIN_COMPLETED.csv,8faf3c75875a5fb5fbcab19b7c09679186e2c221b9f4b96d8b65f6f7fc0d08ac,683,text/csv,PUBLIC_RELEASE,CC BY 4.0,PUBLIC_SCREENED,digital_companion_content
companion/05_ROUTE_KITS/build_and_evaluate/worked_example/08_DEFENCE_QUESTION_MATRIX_MIN_COMPLETED.csv,edb6c4558d68b3577bf6eca22a74fd66b69dab17e2b1debca4d1c45be104f74d,789,text/csv,PUBLIC_RELEASE,CC BY 4.0,PUBLIC_SCREENED,digital_companion_content
companion/05_ROUTE_KITS/build_and_evaluate/worked_example/09_GATE_RECORD_MIN_COMPLETED.csv,9ecfe22a8e1acc071632d69e3090e277bdaf08c93f3814f282282abea5e38c1e,524,text/csv,PUBLIC_RELEASE,CC BY 4.0,PUBLIC_SCREENED,digital_companion_content
companion/05_ROUTE_KITS/build_and_evaluate/worked_example/EXAMPLE_MANIFEST.csv,933980af6fdd5f7fbfb104f1f7508d1e6f7f3e3f6098e70c96d2955d13b5374b,1134,text/csv,PUBLIC_RELEASE,CC BY 4.0,PUBLIC_SCREENED,digital_companion_content
companion/05_ROUTE_KITS/build_and_evaluate/worked_example/README.md,04e82e2aec3bbbf12a0064b86577faad2ca248bc88c5c8b1a5f34236bcbf8eee,579,text/markdown,PUBLIC_RELEASE,CC BY 4.0,PUBLIC_SCREENED,digital_companion_content
companion/05_ROUTE_KITS/case_study/README.md,e0c60db8ea98308302f6cbf5dead5dc0c722941ccfed2a2ad3589aa91ad27204,1208,text/markdown,PUBLIC_RELEASE,CC BY 4.0,PUBLIC_SCREENED,digital_companion_content
companion/05_ROUTE_KITS/case_study/RISK_AND_BOUNDARY_REGISTER.csv,cb81594ce362ae6dea892457a305fb0bab60101d7dcf0f97b500926802ac7543,1727,text/csv,PUBLIC_RELEASE,CC BY 4.0,PUBLIC_SCREENED,digital_companion_content
companion/05_ROUTE_KITS/case_study/ROUTE_GATE_PLAN.csv,65d8807f1d827321dff0906800373b6e31a70f6d5a975f4871d5e8c5289a7103,7022,text/csv,PUBLIC_RELEASE,CC BY 4.0,PUBLIC_SCREENED,digital_companion_content
companion/05_ROUTE_KITS/case_study/ROUTE_RECORD_SELECTION.csv,19dc6d4f45fccb07d8d30777a5a8bacca4887e74a37e59dca5a747b744a87bf1,4385,text/csv,PUBLIC_RELEASE,CC BY 4.0,PUBLIC_SCREENED,digital_companion_content
companion/05_ROUTE_KITS/case_study/worked_example/01_ROUTE_PROFILE_COMPLETED.csv,9648a1bdb4942b62025a3a1dec01cd6fb10da6902afc72a600762d25eb71ffdc,1618,text/csv,PUBLIC_RELEASE,CC BY 4.0,PUBLIC_SCREENED,digital_companion_content
companion/05_ROUTE_KITS/case_study/worked_example/02_SCOPE_CANVAS_MIN_COMPLETED.csv,7ecc1abb0a450bc59fbc2042a1f26418e04cf5cafdc663fff8a0752a7bce0688,2309,text/csv,PUBLIC_RELEASE,CC BY 4.0,PUBLIC_SCREENED,digital_companion_content
companion/05_ROUTE_KITS/case_study/worked_example/03_DECIDE_RECORD_MIN_COMPLETED.csv,ad6e398b95bee376ee54269e3bda80bbfc8e7efa9e466f40d1fecda10056e1aa,1123,text/csv,PUBLIC_RELEASE,CC BY 4.0,PUBLIC_SCREENED,digital_companion_content
companion/05_ROUTE_KITS/case_study/worked_example/04_EXECUTION_PROVENANCE_FULL_COMPLETED.csv,ab36150b91ee0264fc9d62d7451a0140ff698993bdb7a9ac3164a0fd6d4741b3,947,text/csv,PUBLIC_RELEASE,CC BY 4.0,PUBLIC_SCREENED,digital_companion_content
companion/05_ROUTE_KITS/case_study/worked_example/05_EVALUATION_DESIGN_FULL_COMPLETED.csv,e02bfc56ed5507851b8a6eb21dcb7581b2ec8d92e9805718db3724eb1a597f5d,2618,text/csv,PUBLIC_RELEASE,CC BY 4.0,PUBLIC_SCREENED,digital_companion_content
companion/05_ROUTE_KITS/case_study/worked_example/06_CLAIM_EVIDENCE_MAP_MIN_COMPLETED.csv,75ce4e735ff23f33d19617322a30552ffa132e1081fd8a9905920a95fe6ae022,930,text/csv,PUBLIC_RELEASE,CC BY 4.0,PUBLIC_SCREENED,digital_companion_content
companion/05_ROUTE_KITS/case_study/worked_example/07_DEMONSTRATION_RUNBOOK_MIN_COMPLETED.csv,be37d7a1d7dec0e9c14f62e3d1e7a46bcbb274f982e96a31eb57b90546c3293c,650,text/csv,PUBLIC_RELEASE,CC BY 4.0,PUBLIC_SCREENED,digital_companion_content
companion/05_ROUTE_KITS/case_study/worked_example/08_DEFENCE_QUESTION_MATRIX_MIN_COMPLETED.csv,8da7595e7b08eb2cc7181179f18c9a352475fcfca11e926086f12a58d894c41d,728,text/csv,PUBLIC_RELEASE,CC BY 4.0,PUBLIC_SCREENED,digital_companion_content
companion/05_ROUTE_KITS/case_study/worked_example/09_GATE_RECORD_MIN_COMPLETED.csv,b1e4985eb418f5864964b1d750be7418cb911b15727b12ed48b6bafc01da520b,510,text/csv,PUBLIC_RELEASE,CC BY 4.0,PUBLIC_SCREENED,digital_companion_content
companion/05_ROUTE_KITS/case_study/worked_example/EXAMPLE_MANIFEST.csv,933980af6fdd5f7fbfb104f1f7508d1e6f7f3e3f6098e70c96d2955d13b5374b,1134,text/csv,PUBLIC_RELEASE,CC BY 4.0,PUBLIC_SCREENED,digital_companion_content
companion/05_ROUTE_KITS/case_study/worked_example/README.md,6460e5719209b29036adb63e7bc2a8c1f919d4c0f0b5415eb050fb962459ab1b,578,text/markdown,PUBLIC_RELEASE,CC BY 4.0,PUBLIC_SCREENED,digital_companion_content
companion/05_ROUTE_KITS/formal_evidence_synthesis/README.md,0254ccd0f2730365d9c071bffefe274bdf6b1be741101ac1b2d49e63658cee53,1225,text/markdown,PUBLIC_RELEASE,CC BY 4.0,PUBLIC_SCREENED,digital_companion_content
companion/05_ROUTE_KITS/formal_evidence_synthesis/RISK_AND_BOUNDARY_REGISTER.csv,27670051bbf429395d1ad88841ee385c0f26c83e30df119971048021ac1354b3,1731,text/csv,PUBLIC_RELEASE,CC BY 4.0,PUBLIC_SCREENED,digital_companion_content
companion/05_ROUTE_KITS/formal_evidence_synthesis/ROUTE_GATE_PLAN.csv,673b0b3e51951cfff40b060eb52150f2ef58a6e752e4e858e74ae927f16d38c3,7387,text/csv,PUBLIC_RELEASE,CC BY 4.0,PUBLIC_SCREENED,digital_companion_content
companion/05_ROUTE_KITS/formal_evidence_synthesis/ROUTE_RECORD_SELECTION.csv,19dc6d4f45fccb07d8d30777a5a8bacca4887e74a37e59dca5a747b744a87bf1,4385,text/csv,PUBLIC_RELEASE,CC BY 4.0,PUBLIC_SCREENED,digital_companion_content
companion/05_ROUTE_KITS/formal_evidence_synthesis/worked_example/01_ROUTE_PROFILE_COMPLETED.csv,ab6e1fed905d2dabcaaea1095a454bf56b7d55afd9a6e98464d28629bbb58567,1625,text/csv,PUBLIC_RELEASE,CC BY 4.0,PUBLIC_SCREENED,digital_companion_content
companion/05_ROUTE_KITS/formal_evidence_synthesis/worked_example/02_SCOPE_CANVAS_MIN_COMPLETED.csv,4dff301da5ac1700cd2c83e9190ba6910e159c006454e640068540eae4e833b6,2293,text/csv,PUBLIC_RELEASE,CC BY 4.0,PUBLIC_SCREENED,digital_companion_content
companion/05_ROUTE_KITS/formal_evidence_synthesis/worked_example/03_DECIDE_RECORD_MIN_COMPLETED.csv,4027ce92acef0abfc3fc6e51d6fc1c4e7fc5e7f6757940907c2b13b3c9ae0a98,1136,text/csv,PUBLIC_RELEASE,CC BY 4.0,PUBLIC_SCREENED,digital_companion_content
companion/05_ROUTE_KITS/formal_evidence_synthesis/worked_example/04_EXECUTION_PROVENANCE_FULL_COMPLETED.csv,773636bf532d790bee1d124783ae929f93b67c1e9bd8bd0efac5a5ee90b16b76,1014,text/csv,PUBLIC_RELEASE,CC BY 4.0,PUBLIC_SCREENED,digital_companion_content
companion/05_ROUTE_KITS/formal_evidence_synthesis/worked_example/05_EVALUATION_DESIGN_FULL_COMPLETED.csv,732b7f4164dfe670e8151c6529bd63534ab735994f5327996449eed630e3c800,2717,text/csv,PUBLIC_RELEASE,CC BY 4.0,PUBLIC_SCREENED,digital_companion_content
companion/05_ROUTE_KITS/formal_evidence_synthesis/worked_example/06_CLAIM_EVIDENCE_MAP_MIN_COMPLETED.csv,3f3c3d994ce4b925321c83bb41a0d7988ca4eea10471d75727cbf2d33c1252e0,986,text/csv,PUBLIC_RELEASE,CC BY 4.0,PUBLIC_SCREENED,digital_companion_content
companion/05_ROUTE_KITS/formal_evidence_synthesis/worked_example/07_DEMONSTRATION_RUNBOOK_MIN_COMPLETED.csv,212c6380a21c79f9de13adbc2723dd5f02b96b6c817107aaca7d5f0f4995ddde,703,text/csv,PUBLIC_RELEASE,CC BY 4.0,PUBLIC_SCREENED,digital_companion_content
companion/05_ROUTE_KITS/formal_evidence_synthesis/worked_example/08_DEFENCE_QUESTION_MATRIX_MIN_COMPLETED.csv,240beadf5069552762c9382c393d3b0466c465b4216895ba69f3e8b8c0987190,747,text/csv,PUBLIC_RELEASE,CC BY 4.0,PUBLIC_SCREENED,digital_companion_content
companion/05_ROUTE_KITS/formal_evidence_synthesis/worked_example/09_GATE_RECORD_MIN_COMPLETED.csv,c38896bb82f6df035b47fec7a668c6fe887396d21a98eb1549c7bca0547eeb68,510,text/csv,PUBLIC_RELEASE,CC BY 4.0,PUBLIC_SCREENED,digital_companion_content
companion/05_ROUTE_KITS/formal_evidence_synthesis/worked_example/EXAMPLE_MANIFEST.csv,933980af6fdd5f7fbfb104f1f7508d1e6f7f3e3f6098e70c96d2955d13b5374b,1134,text/csv,PUBLIC_RELEASE,CC BY 4.0,PUBLIC_SCREENED,digital_companion_content
companion/05_ROUTE_KITS/formal_evidence_synthesis/worked_example/README.md,a1bd18f0059e27c9c34026bfbd7a1272fe22192a8d3243c0f39e05fad77babd2,591,text/markdown,PUBLIC_RELEASE,CC BY 4.0,PUBLIC_SCREENED,digital_companion_content
companion/05_ROUTE_KITS/hybrid_route/README.md,5da1a6ba0da1e72f349a6e9847eb84109289555bd21e5d0b546120542c00eda9,1245,text/markdown,PUBLIC_RELEASE,CC BY 4.0,PUBLIC_SCREENED,digital_companion_content
companion/05_ROUTE_KITS/hybrid_route/RISK_AND_BOUNDARY_REGISTER.csv,2d17711f65024e26bb0f7a2df2fb25ae167e2c30ad5f1867dd654c1f4cf12533,1626,text/csv,PUBLIC_RELEASE,CC BY 4.0,PUBLIC_SCREENED,digital_companion_content
companion/05_ROUTE_KITS/hybrid_route/ROUTE_GATE_PLAN.csv,9124a1c325001620fd80e7234bc87c2995fd64a98e38891043fd3ca24e5e1f35,7047,text/csv,PUBLIC_RELEASE,CC BY 4.0,PUBLIC_SCREENED,digital_companion_content
companion/05_ROUTE_KITS/hybrid_route/ROUTE_RECORD_SELECTION.csv,19dc6d4f45fccb07d8d30777a5a8bacca4887e74a37e59dca5a747b744a87bf1,4385,text/csv,PUBLIC_RELEASE,CC BY 4.0,PUBLIC_SCREENED,digital_companion_content
companion/05_ROUTE_KITS/hybrid_route/worked_example/01_ROUTE_PROFILE_COMPLETED.csv,1218a493ef51e4f3630a320840359c771c2397e26262b6908e4a26c8266f90f3,1669,text/csv,PUBLIC_RELEASE,CC BY 4.0,PUBLIC_SCREENED,digital_companion_content
companion/05_ROUTE_KITS/hybrid_route/worked_example/02_SCOPE_CANVAS_MIN_COMPLETED.csv,92c11982759461954d2a20ab40f4851b3b85e1c188deb2ae62fd44e4460dfde6,2457,text/csv,PUBLIC_RELEASE,CC BY 4.0,PUBLIC_SCREENED,digital_companion_content
companion/05_ROUTE_KITS/hybrid_route/worked_example/03_DECIDE_RECORD_MIN_COMPLETED.csv,285d488c5a1ed9a8b519ca0db212e4da47017ec1d3b94593b6cd9a2d9cc3f67a,1161,text/csv,PUBLIC_RELEASE,CC BY 4.0,PUBLIC_SCREENED,digital_companion_content
companion/05_ROUTE_KITS/hybrid_route/worked_example/04_EXECUTION_PROVENANCE_FULL_COMPLETED.csv,b5ae69c9a91f08beb0c6e4b7f4d9d6ce710b9563a60f18eaa279eba96b2840d0,1001,text/csv,PUBLIC_RELEASE,CC BY 4.0,PUBLIC_SCREENED,digital_companion_content
companion/05_ROUTE_KITS/hybrid_route/worked_example/05_EVALUATION_DESIGN_FULL_COMPLETED.csv,8d8d95e0fa6c3b313db2dcb68c904afa1f7d9f9f98c3524ad0adc200f7fcd02f,2723,text/csv,PUBLIC_RELEASE,CC BY 4.0,PUBLIC_SCREENED,digital_companion_content
companion/05_ROUTE_KITS/hybrid_route/worked_example/06_CLAIM_EVIDENCE_MAP_MIN_COMPLETED.csv,26e49f886e930bfa84fb7fa1f34ddd23df8abf158cb76edd522c1dfdebe92312,975,text/csv,PUBLIC_RELEASE,CC BY 4.0,PUBLIC_SCREENED,digital_companion_content
companion/05_ROUTE_KITS/hybrid_route/worked_example/07_DEMONSTRATION_RUNBOOK_MIN_COMPLETED.csv,88525944f64865e8e499b470a22552b536b96dc36f1a1f263f4ba2dae58d8ac7,683,text/csv,PUBLIC_RELEASE,CC BY 4.0,PUBLIC_SCREENED,digital_companion_content
companion/05_ROUTE_KITS/hybrid_route/worked_example/08_DEFENCE_QUESTION_MATRIX_MIN_COMPLETED.csv,79bbebd76498fa75da159458eddea15eaaaf121cac1c2773a5a0772b93a41850,775,text/csv,PUBLIC_RELEASE,CC BY 4.0,PUBLIC_SCREENED,digital_companion_content
companion/05_ROUTE_KITS/hybrid_route/worked_example/09_GATE_RECORD_MIN_COMPLETED.csv,23967d6807099a30f1fc067a9d9d5b34fd553a5bb88eb2bc18d29632e5d6d380,506,text/csv,PUBLIC_RELEASE,CC BY 4.0,PUBLIC_SCREENED,digital_companion_content
companion/05_ROUTE_KITS/hybrid_route/worked_example/EXAMPLE_MANIFEST.csv,933980af6fdd5f7fbfb104f1f7508d1e6f7f3e3f6098e70c96d2955d13b5374b,1134,text/csv,PUBLIC_RELEASE,CC BY 4.0,PUBLIC_SCREENED,digital_companion_content
companion/05_ROUTE_KITS/hybrid_route/worked_example/README.md,50c53992c6e917d96df60456ff4d7a65a79a588d8123205294b81067aac09ba2,596,text/markdown,PUBLIC_RELEASE,CC BY 4.0,PUBLIC_SCREENED,digital_companion_content
companion/05_ROUTE_KITS/predictive_machine_learning/README.md,08da291ba6cc99521fb7acfa49abe0905f957c5e5ae15cd81ac29962435999ab,1282,text/markdown,PUBLIC_RELEASE,CC BY 4.0,PUBLIC_SCREENED,digital_companion_content
companion/05_ROUTE_KITS/predictive_machine_learning/RISK_AND_BOUNDARY_REGISTER.csv,784cccb22c1faf31d923ff039a12f41d80388578bb069698cbfc70784baa21ad,1714,text/csv,PUBLIC_RELEASE,CC BY 4.0,PUBLIC_SCREENED,digital_companion_content
companion/05_ROUTE_KITS/predictive_machine_learning/ROUTE_GATE_PLAN.csv,2c2170adcd20a31827bd844856fb52b625e4489dc5174b611553603bee656c76,7603,text/csv,PUBLIC_RELEASE,CC BY 4.0,PUBLIC_SCREENED,digital_companion_content
companion/05_ROUTE_KITS/predictive_machine_learning/ROUTE_RECORD_SELECTION.csv,19dc6d4f45fccb07d8d30777a5a8bacca4887e74a37e59dca5a747b744a87bf1,4385,text/csv,PUBLIC_RELEASE,CC BY 4.0,PUBLIC_SCREENED,digital_companion_content
companion/05_ROUTE_KITS/predictive_machine_learning/worked_example/01_ROUTE_PROFILE_COMPLETED.csv,aa29e9ae7faafb4dee974d8407a25f9809ec02281f32bbf04aa2452e372bda9b,1650,text/csv,PUBLIC_RELEASE,CC BY 4.0,PUBLIC_SCREENED,digital_companion_content
companion/05_ROUTE_KITS/predictive_machine_learning/worked_example/02_SCOPE_CANVAS_MIN_COMPLETED.csv,aa3d8189c33777f598d6b927b2f8c4229e726107f10978d6d9ee40b89e097077,2395,text/csv,PUBLIC_RELEASE,CC BY 4.0,PUBLIC_SCREENED,digital_companion_content
companion/05_ROUTE_KITS/predictive_machine_learning/worked_example/03_DECIDE_RECORD_MIN_COMPLETED.csv,d69bd94862e01d2d369edbc7cafd916b2c694e2aef33fe09282516372ea7ad4e,1193,text/csv,PUBLIC_RELEASE,CC BY 4.0,PUBLIC_SCREENED,digital_companion_content
companion/05_ROUTE_KITS/predictive_machine_learning/worked_example/04_EXECUTION_PROVENANCE_FULL_COMPLETED.csv,aaf78978cb1bc200955a631574e226c5eb3eb0e0bc91f32e54af5df5ddf31c69,999,text/csv,PUBLIC_RELEASE,CC BY 4.0,PUBLIC_SCREENED,digital_companion_content
companion/05_ROUTE_KITS/predictive_machine_learning/worked_example/05_EVALUATION_DESIGN_FULL_COMPLETED.csv,637bb4ab4d72837de632042ff1442e4ee7d3c900c834c1d4dc201089f9f02a37,2702,text/csv,PUBLIC_RELEASE,CC BY 4.0,PUBLIC_SCREENED,digital_companion_content
companion/05_ROUTE_KITS/predictive_machine_learning/worked_example/06_CLAIM_EVIDENCE_MAP_MIN_COMPLETED.csv,2bca0727ea265f9dbb7f74b80de54d7956be47465d597e82386ef9bbfd9ca1d8,972,text/csv,PUBLIC_RELEASE,CC BY 4.0,PUBLIC_SCREENED,digital_companion_content
companion/05_ROUTE_KITS/predictive_machine_learning/worked_example/07_DEMONSTRATION_RUNBOOK_MIN_COMPLETED.csv,5654e45758651fb9b12521578ebb3dfb590e75d635ee15268bb2de1c02633ab4,722,text/csv,PUBLIC_RELEASE,CC BY 4.0,PUBLIC_SCREENED,digital_companion_content
companion/05_ROUTE_KITS/predictive_machine_learning/worked_example/08_DEFENCE_QUESTION_MATRIX_MIN_COMPLETED.csv,9817970df96c69083ad46418d81636a60bf0e06a9f96d59e8606a59572fada53,767,text/csv,PUBLIC_RELEASE,CC BY 4.0,PUBLIC_SCREENED,digital_companion_content
companion/05_ROUTE_KITS/predictive_machine_learning/worked_example/09_GATE_RECORD_MIN_COMPLETED.csv,6aba1a17b71e7199457b206415e40e0b15581dcda3783ab38365ff80fc07e89e,516,text/csv,PUBLIC_RELEASE,CC BY 4.0,PUBLIC_SCREENED,digital_companion_content
companion/05_ROUTE_KITS/predictive_machine_learning/worked_example/EXAMPLE_MANIFEST.csv,933980af6fdd5f7fbfb104f1f7508d1e6f7f3e3f6098e70c96d2955d13b5374b,1134,text/csv,PUBLIC_RELEASE,CC BY 4.0,PUBLIC_SCREENED,digital_companion_content
companion/05_ROUTE_KITS/predictive_machine_learning/worked_example/README.md,4b3b0092fe6460905481c33afc4246408848664b2f38f909743efa7c6e6ceb77,612,text/markdown,PUBLIC_RELEASE,CC BY 4.0,PUBLIC_SCREENED,digital_companion_content
companion/05_ROUTE_KITS/qualitative_inquiry/README.md,d7d0de8626a2b815b3dbb89209a41ed873b7e6a26d0c508e87a4af3e4c7f852c,1273,text/markdown,PUBLIC_RELEASE,CC BY 4.0,PUBLIC_SCREENED,digital_companion_content
companion/05_ROUTE_KITS/qualitative_inquiry/RISK_AND_BOUNDARY_REGISTER.csv,63f36490e96b8a44ca451457b33b9e116d39a35f365227091838e0bcead21320,1667,text/csv,PUBLIC_RELEASE,CC BY 4.0,PUBLIC_SCREENED,digital_companion_content
companion/05_ROUTE_KITS/qualitative_inquiry/ROUTE_GATE_PLAN.csv,2cc910b25d87470f41228b691f75488fa9c18750b1283390a0fef6646b1f567d,7242,text/csv,PUBLIC_RELEASE,CC BY 4.0,PUBLIC_SCREENED,digital_companion_content
companion/05_ROUTE_KITS/qualitative_inquiry/ROUTE_RECORD_SELECTION.csv,19dc6d4f45fccb07d8d30777a5a8bacca4887e74a37e59dca5a747b744a87bf1,4385,text/csv,PUBLIC_RELEASE,CC BY 4.0,PUBLIC_SCREENED,digital_companion_content
companion/05_ROUTE_KITS/qualitative_inquiry/worked_example/01_ROUTE_PROFILE_COMPLETED.csv,3534477e72d5c59590d00343dbadbbd2366069b304a543c89782298b5272cbbd,1605,text/csv,PUBLIC_RELEASE,CC BY 4.0,PUBLIC_SCREENED,digital_companion_content
companion/05_ROUTE_KITS/qualitative_inquiry/worked_example/02_SCOPE_CANVAS_MIN_COMPLETED.csv,7d058e85ee9f8d4775c6feb48df18223be32cf53164568d8ae8f2f9d199ea854,2228,text/csv,PUBLIC_RELEASE,CC BY 4.0,PUBLIC_SCREENED,digital_companion_content
companion/05_ROUTE_KITS/qualitative_inquiry/worked_example/03_DECIDE_RECORD_MIN_COMPLETED.csv,7690be2b7d2ce989bc16e8a13995a773c9cbf82f9c91cf22a4eeaad28c8d9c5b,1219,text/csv,PUBLIC_RELEASE,CC BY 4.0,PUBLIC_SCREENED,digital_companion_content
companion/05_ROUTE_KITS/qualitative_inquiry/worked_example/04_EXECUTION_PROVENANCE_FULL_COMPLETED.csv,b6f90b8e8879c374f3ebc393b00d500e05df8c993050433f7250fced20fd062e,999,text/csv,PUBLIC_RELEASE,CC BY 4.0,PUBLIC_SCREENED,digital_companion_content
companion/05_ROUTE_KITS/qualitative_inquiry/worked_example/05_EVALUATION_DESIGN_FULL_COMPLETED.csv,226b53771d3b577563e3cefed656c26af09f22397d226fa49eaceae7afb7c6c0,2747,text/csv,PUBLIC_RELEASE,CC BY 4.0,PUBLIC_SCREENED,digital_companion_content
companion/05_ROUTE_KITS/qualitative_inquiry/worked_example/06_CLAIM_EVIDENCE_MAP_MIN_COMPLETED.csv,5fa1280f0dbf0995f5fe386d9f21dd6607b4bbef00cacf31eee08092146b411a,972,text/csv,PUBLIC_RELEASE,CC BY 4.0,PUBLIC_SCREENED,digital_companion_content
companion/05_ROUTE_KITS/qualitative_inquiry/worked_example/07_DEMONSTRATION_RUNBOOK_MIN_COMPLETED.csv,f207a7057ae5e78f7dd9a140cf6b39bff5b9cd326a409d365783f1267b3aea16,702,text/csv,PUBLIC_RELEASE,CC BY 4.0,PUBLIC_SCREENED,digital_companion_content
companion/05_ROUTE_KITS/qualitative_inquiry/worked_example/08_DEFENCE_QUESTION_MATRIX_MIN_COMPLETED.csv,ad8e8da3a5f84f918c71d617f90c9cebf905e981ae9689a44b86681d53315d51,770,text/csv,PUBLIC_RELEASE,CC BY 4.0,PUBLIC_SCREENED,digital_companion_content
companion/05_ROUTE_KITS/qualitative_inquiry/worked_example/09_GATE_RECORD_MIN_COMPLETED.csv,3f07a0742e9c30fb76d8023ec7deb579f8a8e745fb3133bbf9fb35e241dfd678,526,text/csv,PUBLIC_RELEASE,CC BY 4.0,PUBLIC_SCREENED,digital_companion_content
companion/05_ROUTE_KITS/qualitative_inquiry/worked_example/EXAMPLE_MANIFEST.csv,933980af6fdd5f7fbfb104f1f7508d1e6f7f3e3f6098e70c96d2955d13b5374b,1134,text/csv,PUBLIC_RELEASE,CC BY 4.0,PUBLIC_SCREENED,digital_companion_content
companion/05_ROUTE_KITS/qualitative_inquiry/worked_example/README.md,89ab325343a700b6024026b502fe3c3c3b658bf4da6360e57182a2fd02f263d6,582,text/markdown,PUBLIC_RELEASE,CC BY 4.0,PUBLIC_SCREENED,digital_companion_content
companion/05_ROUTE_KITS/quantitative_empirical/README.md,bce80fa5828044b796ca54df9cb9bc05b2b4b3f02921c81812f177c1ebc55e86,1259,text/markdown,PUBLIC_RELEASE,CC BY 4.0,PUBLIC_SCREENED,digital_companion_content
companion/05_ROUTE_KITS/quantitative_empirical/RISK_AND_BOUNDARY_REGISTER.csv,7b9a5b60a57e27527455ef1e075e83e7eb94f6967c758735b7dc62a05eb8d315,1683,text/csv,PUBLIC_RELEASE,CC BY 4.0,PUBLIC_SCREENED,digital_companion_content
companion/05_ROUTE_KITS/quantitative_empirical/ROUTE_GATE_PLAN.csv,6224c807c1b8f3ea8214560d9d19cb3b6030ebb834a06d50b1c9fb8d431e445a,7457,text/csv,PUBLIC_RELEASE,CC BY 4.0,PUBLIC_SCREENED,digital_companion_content
companion/05_ROUTE_KITS/quantitative_empirical/ROUTE_RECORD_SELECTION.csv,19dc6d4f45fccb07d8d30777a5a8bacca4887e74a37e59dca5a747b744a87bf1,4385,text/csv,PUBLIC_RELEASE,CC BY 4.0,PUBLIC_SCREENED,digital_companion_content
companion/05_ROUTE_KITS/quantitative_empirical/worked_example/01_ROUTE_PROFILE_COMPLETED.csv,cc47f0a62fdcb0adaf48a9811d34c27dc71d9819f5b9bf94581ba22a70a10060,1667,text/csv,PUBLIC_RELEASE,CC BY 4.0,PUBLIC_SCREENED,digital_companion_content
companion/05_ROUTE_KITS/quantitative_empirical/worked_example/02_SCOPE_CANVAS_MIN_COMPLETED.csv,860928680a0f9c204bfce4d3fd996dca49a898739782e9d881afa0a8c46485e5,2399,text/csv,PUBLIC_RELEASE,CC BY 4.0,PUBLIC_SCREENED,digital_companion_content
companion/05_ROUTE_KITS/quantitative_empirical/worked_example/03_DECIDE_RECORD_MIN_COMPLETED.csv,feb247336d9f06d260c1aae0d2c7f47b0019de995a846d73eb561e8bca0cd71a,1138,text/csv,PUBLIC_RELEASE,CC BY 4.0,PUBLIC_SCREENED,digital_companion_content
companion/05_ROUTE_KITS/quantitative_empirical/worked_example/04_EXECUTION_PROVENANCE_FULL_COMPLETED.csv,66e160f9ea79547a1800bdb40770675d5e22fd820a65e41213b4592822b80638,1022,text/csv,PUBLIC_RELEASE,CC BY 4.0,PUBLIC_SCREENED,digital_companion_content
companion/05_ROUTE_KITS/quantitative_empirical/worked_example/05_EVALUATION_DESIGN_FULL_COMPLETED.csv,5acace42c071af231195a7d2a1239f1c942be00eead5e6df4e3d65f32775a5dd,2741,text/csv,PUBLIC_RELEASE,CC BY 4.0,PUBLIC_SCREENED,digital_companion_content
companion/05_ROUTE_KITS/quantitative_empirical/worked_example/06_CLAIM_EVIDENCE_MAP_MIN_COMPLETED.csv,4fd5bf2febedabad3f04e78217122e0bc5a38813f69d9d4edc67ad2fde5ecd8d,1033,text/csv,PUBLIC_RELEASE,CC BY 4.0,PUBLIC_SCREENED,digital_companion_content
companion/05_ROUTE_KITS/quantitative_empirical/worked_example/07_DEMONSTRATION_RUNBOOK_MIN_COMPLETED.csv,d95da4061cd3a65d8a3bcf7d61fe58f566b55a3786e28b19124ebc93dbd576c6,724,text/csv,PUBLIC_RELEASE,CC BY 4.0,PUBLIC_SCREENED,digital_companion_content
companion/05_ROUTE_KITS/quantitative_empirical/worked_example/08_DEFENCE_QUESTION_MATRIX_MIN_COMPLETED.csv,170ff91003f5f15c838495084a5b798982e685203b7754b479b947fb1043ff62,783,text/csv,PUBLIC_RELEASE,CC BY 4.0,PUBLIC_SCREENED,digital_companion_content
companion/05_ROUTE_KITS/quantitative_empirical/worked_example/09_GATE_RECORD_MIN_COMPLETED.csv,dd27049260422554cf56f4c521c18d92be1f6bd940068dcd0b9b966cee5a7416,514,text/csv,PUBLIC_RELEASE,CC BY 4.0,PUBLIC_SCREENED,digital_companion_content
companion/05_ROUTE_KITS/quantitative_empirical/worked_example/EXAMPLE_MANIFEST.csv,933980af6fdd5f7fbfb104f1f7508d1e6f7f3e3f6098e70c96d2955d13b5374b,1134,text/csv,PUBLIC_RELEASE,CC BY 4.0,PUBLIC_SCREENED,digital_companion_content
companion/05_ROUTE_KITS/quantitative_empirical/worked_example/README.md,1c23a3e883b2626a7b413ef607a3597d0e7e67375366116e80aedcd6ed88cabb,587,text/markdown,PUBLIC_RELEASE,CC BY 4.0,PUBLIC_SCREENED,digital_companion_content
companion/06_AI_TRACE_AND_DISCLOSURE/AI_DISCLOSURE_RECORD.csv,647134a5ffd37f09f70ab61c80bc90147d42a02ff3965c2ce6b9786a7bd6b4c0,263,text/csv,PUBLIC_RELEASE,CC BY 4.0,PUBLIC_SCREENED,digital_companion_content
companion/06_AI_TRACE_AND_DISCLOSURE/AI_PERMISSION_DECISION_RECORD.csv,e955eb4b86fc75958632d41d7fd102db4b8f962308808fddbf732faa01c3a248,233,text/csv,PUBLIC_RELEASE,CC BY 4.0,PUBLIC_SCREENED,digital_companion_content
companion/06_AI_TRACE_AND_DISCLOSURE/AI_STOP_AND_REOPEN_CHECKLIST.csv,009e9daefe793a40e881f2da7d129b425be69dd597632e23539833b055be33aa,1233,text/csv,PUBLIC_RELEASE,CC BY 4.0,PUBLIC_SCREENED,digital_companion_content
companion/06_AI_TRACE_AND_DISCLOSURE/D1_PERMISSION_AND_CONTROL_MATRIX_FOR_GENERATIVE_AI_USE.csv,52c700ef849c5e5773387d8513283c364ccddc63968cf62c39310394ba6ecb53,6445,text/csv,PUBLIC_RELEASE,CC BY 4.0,PUBLIC_SCREENED,digital_companion_content
companion/06_AI_TRACE_AND_DISCLOSURE/D2_TRACE_MINIMUM_RECORD_AND_CLOSURE_TEST.csv,4848e8f8c4651202e2cc82c41bfccc045aac1667d11a67498a3d5a74cef1660d,2408,text/csv,PUBLIC_RELEASE,CC BY 4.0,PUBLIC_SCREENED,digital_companion_content
companion/06_AI_TRACE_AND_DISCLOSURE/D3_INDEPENDENT_VERIFICATION_BY_OUTPUT_TYPE.csv,d192b0dc1209eb2c2f319c93d3285a341e9bdf7288b5d91963eeba63c51a52a8,2983,text/csv,PUBLIC_RELEASE,CC BY 4.0,PUBLIC_SCREENED,digital_companion_content
companion/06_AI_TRACE_AND_DISCLOSURE/DC_D_GENERATIVE_AI_USE_DISCLOSURE_AND_RESPONSIBILITY.md,1866f37f801655054357c6b25601705d18f7b235701b32a8f8fb37b031d650c6,11506,text/markdown,PUBLIC_RELEASE,CC BY 4.0,PUBLIC_SCREENED,digital_companion_content
companion/06_AI_TRACE_AND_DISCLOSURE/README.md,1ad569e8ee5c0c3b343f01f1dc5dd07d5a4dc539bc1e2ac2860c7efc4226d941,498,text/markdown,PUBLIC_RELEASE,CC BY 4.0,PUBLIC_SCREENED,digital_companion_content
companion/07_SUBMISSION_AND_DEFENCE/CURRENT_SESSION_SUBMISSION_CONTROL.csv,9abfc64d0a1161570bcca8835bacc4ec1d500556564f2c65b364638bcab503a3,211,text/csv,PUBLIC_RELEASE,CC BY 4.0,PUBLIC_SCREENED,digital_companion_content
companion/07_SUBMISSION_AND_DEFENCE/DC_E_SUBMISSION_AND_DEFENCE.md,d932b373dc0b92b714f00a7fbe8335892b5ca5ce8175a27d21edf070367db3e7,9928,text/markdown,PUBLIC_RELEASE,CC BY 4.0,PUBLIC_SCREENED,digital_companion_content
companion/07_SUBMISSION_AND_DEFENCE/E1_FREEZE_ONE_ASSESSABLE_RECORD.csv,c21bdc142c91d292436f40afc652ed7307f6c2d65351088af56abf861bec3dd3,2532,text/csv,PUBLIC_RELEASE,CC BY 4.0,PUBLIC_SCREENED,digital_companion_content
companion/07_SUBMISSION_AND_DEFENCE/E2_SUBMIT_THE_DOSSIER_AND_PROVE_ENROLMENT.csv,227375c53c5835ebeedc615d7d6cf8b2fc26376799b172e297c639780ba2959d,2582,text/csv,PUBLIC_RELEASE,CC BY 4.0,PUBLIC_SCREENED,digital_companion_content
companion/07_SUBMISSION_AND_DEFENCE/E3_DEMONSTRATION_AND_FALLBACK.csv,cd32e13a71732aa4c67c07705d872c4f472b5b9b7951006cf700d87fadbf0866,2200,text/csv,PUBLIC_RELEASE,CC BY 4.0,PUBLIC_SCREENED,digital_companion_content
companion/07_SUBMISSION_AND_DEFENCE/E4_PRESENTATION_AND_ACCESSIBILITY.csv,99a3a34466dd385b0bdf7df7c18dd83113eb12d612179d9a2a9caca9168faaf6,2178,text/csv,PUBLIC_RELEASE,CC BY 4.0,PUBLIC_SCREENED,digital_companion_content
companion/07_SUBMISSION_AND_DEFENCE/E5_ORAL_OWNERSHIP_AND_HOSTILE_QUESTIONS.csv,0f6f325a1ad96eb570d34be0f9f2b630399b9ba52f38e15985a94fcaeb96e677,2290,text/csv,PUBLIC_RELEASE,CC BY 4.0,PUBLIC_SCREENED,digital_companion_content
companion/07_SUBMISSION_AND_DEFENCE/E6_DEFENCE_DAY_INCIDENT_RESPONSE_AND_CLOSEOUT.csv,5ecc499fe93369430512cd94cb8a2380d8aefe58dd3edb4dca700d5cf6d450c1,2722,text/csv,PUBLIC_RELEASE,CC BY 4.0,PUBLIC_SCREENED,digital_companion_content
companion/07_SUBMISSION_AND_DEFENCE/README.md,f673b7834c5a0d8133833688e935f7b2ef020b59b0087e42650c56d7e7176254,360,text/markdown,PUBLIC_RELEASE,CC BY 4.0,PUBLIC_SCREENED,digital_companion_content
companion/08_INSTITUTIONAL_LINKS/A1_QUICK_GUIDE_TO_OFFICIAL_OBLIGATIONS_AND_AUTHORIAL_CONTROLS.csv,bb798ab3e3afae5966b03d3dd6ed8b8911dad94404fb5834b9156d28827c56ff,7864,text/csv,PUBLIC_RELEASE,CC BY 4.0,PUBLIC_SCREENED,digital_companion_content
companion/08_INSTITUTIONAL_LINKS/B1_CHRONOLOGICAL_OFFICIAL_PROCESS_BY_ROUTE.csv,0182e36ff32899ecf885c15026e9ea4e088a196079ddf97e2051bbcfdab3ec1e,9014,text/csv,PUBLIC_RELEASE,CC BY 4.0,PUBLIC_SCREENED,digital_companion_content
companion/08_INSTITUTIONAL_LINKS/B2_CURRENT_SESSION_CALENDAR_AND_AUTHORITY_RECORD.csv,dac94e4071e4d3d355ed7b60e61e6309e181b383f71fd96e2ffe5cdc9669b362,3632,text/csv,PUBLIC_RELEASE,CC BY 4.0,PUBLIC_SCREENED,digital_companion_content
companion/08_INSTITUTIONAL_LINKS/C1_PROJECT_RECORDS_AND_EVIDENCE_BY_MILESTONE.csv,34f350ff7925de46f0c1601ecae826bdb5581383e64eb4cf9cce75b73d907c5e,5162,text/csv,PUBLIC_RELEASE,CC BY 4.0,PUBLIC_SCREENED,digital_companion_content
companion/08_INSTITUTIONAL_LINKS/C2_CORE_OFFICIAL_CLOSEOUT_RECORDS_BY_ROUTE.csv,04d28363708097423021b8d364825be0c9ad401642fc26b1cd2b30a188088fea,5960,text/csv,PUBLIC_RELEASE,CC BY 4.0,PUBLIC_SCREENED,digital_companion_content
companion/08_INSTITUTIONAL_LINKS/C3_CONDITIONAL_OFFICIAL_RECORDS_BY_STATUS_OR_ROUTE_CONDITION.csv,0425354feb13ed9a70521fc7ecca0d94c3e7792859cc332b5fe85929958092f7,4312,text/csv,PUBLIC_RELEASE,CC BY 4.0,PUBLIC_SCREENED,digital_companion_content
companion/08_INSTITUTIONAL_LINKS/CURRENT_SESSION_EXCEPTION_REGISTER_2026-08-23.csv,d9d682ba3c78d8bc252f1bfdbb883e24a59c07213932b88273e8b80637edac17,1364,text/csv,PUBLIC_RELEASE,CC BY 4.0,PUBLIC_SCREENED,digital_companion_content
companion/08_INSTITUTIONAL_LINKS/CURRENT_SOURCE_CONFLICT_REGISTER_2026-08-23.csv,e88babf4c8eded44c1c1ad864c05bf646b9180746c885f2b6c02910205b5513a,2085,text/csv,PUBLIC_RELEASE,CC BY 4.0,PUBLIC_SCREENED,digital_companion_content
companion/08_INSTITUTIONAL_LINKS/CURRENT_SOURCE_VERIFICATION_LOG_2026-08-23.csv,43eea823850a82d5804e5bd320de5c0e60e63fe620eb0bb3af843bcdbc14ec54,9564,text/csv,PUBLIC_RELEASE,CC BY 4.0,PUBLIC_SCREENED,digital_companion_content
companion/08_INSTITUTIONAL_LINKS/DC_A_REQUIREMENTS_AND_RECOMMENDATIONS.md,5514a47525fe289057d107106e3aa218276b5c59d93f3c5b055e50d9a5a02897,3858,text/markdown,PUBLIC_RELEASE,CC BY 4.0,PUBLIC_SCREENED,digital_companion_content
companion/08_INSTITUTIONAL_LINKS/DC_B_OFFICIAL_ROUTE_AND_CURRENT_SESSION.md,c31139d52caf462022e7584d82ceb0259c8f44bc890c0248ae2cb0001b6980f6,6508,text/markdown,PUBLIC_RELEASE,CC BY 4.0,PUBLIC_SCREENED,digital_companion_content
companion/08_INSTITUTIONAL_LINKS/DC_C_MILESTONE_EVIDENCE_AND_DOSSIER.md,41752f2a7f4827e719ba8280bb470b1e2ecce6afb4b85774300dc7e39f73e403,7832,text/markdown,PUBLIC_RELEASE,CC BY 4.0,PUBLIC_SCREENED,digital_companion_content
companion/08_INSTITUTIONAL_LINKS/README.md,b34463a324e5843c89106cabd05d873ad346fcd30580a732de946e54234cda6f,918,text/markdown,PUBLIC_RELEASE,CC BY 4.0,PUBLIC_SCREENED,digital_companion_content
companion/08_INSTITUTIONAL_LINKS/SOURCE_AND_AUTHORITY_CONCORDANCE.csv,807b8ec7c049872e6afe87673f2c19cf12a5186198e89d3fa1c493f7eb8daf9c,10588,text/csv,PUBLIC_RELEASE,CC BY 4.0,PUBLIC_SCREENED,digital_companion_content
companion/08_INSTITUTIONAL_LINKS/SOURCE_VERIFICATION_METHOD_AND_LIMITS.md,ebe2bce5be55d44a3e37a7c9ec2634401216a24d942018ac04732cbcef4f2328,2463,text/markdown,PUBLIC_RELEASE,CC BY 4.0,PUBLIC_SCREENED,digital_companion_content
companion/08_INSTITUTIONAL_LINKS/VOLATILE_SOURCE_REGISTER.csv,6e0b186ffa922662d261d2b8d8ffe465f96830b717c229395a90f622af902dcd,6100,text/csv,PUBLIC_RELEASE,CC BY 4.0,PUBLIC_SCREENED,digital_companion_content
companion/09_CHANGE_AND_SUPERSESSION/APPENDIX_MIGRATION_REGISTER.csv,7d8e6ccd3fdad3049b425477f4028b4107976ccd76611a61c68b62eaf3f1f32a,2270,text/csv,PUBLIC_RELEASE,CC BY 4.0,PUBLIC_SCREENED,digital_companion_content
companion/09_CHANGE_AND_SUPERSESSION/APPENDIX_OBJECT_MIGRATION_REGISTER_PHASE14C.csv,0d0569b0ef53b6b19fd4ab422f0aff47a2261fee5762128d96b1f48b8b330282,287508,text/csv,PUBLIC_RELEASE,CC BY 4.0,PUBLIC_SCREENED,digital_companion_content
companion/09_CHANGE_AND_SUPERSESSION/CHANGELOG.md,4c7eb90bc224e5c042802304ca2152d764beca7c6b25052ff8891b783acd4c83,525,text/markdown,PUBLIC_RELEASE,CC BY 4.0,PUBLIC_SCREENED,digital_companion_content
companion/09_CHANGE_AND_SUPERSESSION/CONTROLLED_VOCABULARY_v1.2.0-rc.1.csv,b69ce5a1a6f25ac57ff310af9d2651b8971736751f82f1f2d7123c6137620513,9372,text/csv,PUBLIC_RELEASE,CC BY 4.0,PUBLIC_SCREENED,digital_companion_content
companion/09_CHANGE_AND_SUPERSESSION/CONTROLLED_VOCABULARY_v1.2.0.csv,ce23705d78770aeaf10a0064fec31eb0e972226a1d1bbaaaadc4fd18b44dcff8,8947,text/csv,PUBLIC_RELEASE,CC BY 4.0,PUBLIC_SCREENED,digital_companion_content
companion/09_CHANGE_AND_SUPERSESSION/CURRENT_LINK_CHECK_LOG.csv,87c0d08365c3c345cd302ffdc1923c125f2b3e393e63a7ebf898dbcfdee1d808,7734,text/csv,PUBLIC_RELEASE,CC BY 4.0,PUBLIC_SCREENED,digital_companion_content
companion/09_CHANGE_AND_SUPERSESSION/DEPRECATION_AND_SUPERSESSION_LOG.csv,62008f6a862cc4cf1b0db498b293a43c5c549cdb0d7b7d4ec6808c2a70e4f0eb,544,text/csv,PUBLIC_RELEASE,CC BY 4.0,PUBLIC_SCREENED,digital_companion_content
companion/09_CHANGE_AND_SUPERSESSION/GATE_CHAIN_REGISTRY_v1.2.0-rc.1.csv,1a1562ca9e1e6ad2a5cea38dfb28f8a81b08baf87f962f979857a4870318f83d,8713,text/csv,PUBLIC_RELEASE,CC BY 4.0,PUBLIC_SCREENED,digital_companion_content
companion/09_CHANGE_AND_SUPERSESSION/GATE_CHAIN_REGISTRY_v1.2.0.csv,0f0fbaf16950b6f356ff63fb3805d5fcaa8cf4aa756aa0ac5843835aff47aa5f,8731,text/csv,PUBLIC_RELEASE,CC BY 4.0,PUBLIC_SCREENED,digital_companion_content
companion/09_CHANGE_AND_SUPERSESSION/GATE_CRITERIA_REGISTRY_v1.2.0-rc.1.csv,335d55a837dd868eaec849dc75dca9d72e5f6fa7fbcebc91aefdd202c2969f36,17729,text/csv,PUBLIC_RELEASE,CC BY 4.0,PUBLIC_SCREENED,digital_companion_content
companion/09_CHANGE_AND_SUPERSESSION/GATE_CRITERIA_REGISTRY_v1.2.0.csv,62e95ca0974d0e89fdf8f0104f9b95c57c13c8a51385288011c355a9f0d2ecc2,17729,text/csv,PUBLIC_RELEASE,CC BY 4.0,PUBLIC_SCREENED,digital_companion_content
companion/09_CHANGE_AND_SUPERSESSION/GLOBAL_TERMINOLOGY_LOCK_2026-08-23.csv,80d76bfda2fbac9e725e634bbb26d2d47180b309706cf89754df6cd8d572e7d7,5043,text/csv,PUBLIC_RELEASE,CC BY 4.0,PUBLIC_SCREENED,digital_companion_content
companion/09_CHANGE_AND_SUPERSESSION/RECORD_CATALOGUE_v1.2.0-rc.1.csv,8c216f831cbfd9cd13e20c11c70eeac298e11f9a64cf6676e501e960c8ff8bb6,52080,text/csv,PUBLIC_RELEASE,CC BY 4.0,PUBLIC_SCREENED,digital_companion_content
companion/09_CHANGE_AND_SUPERSESSION/RECORD_CATALOGUE_v1.2.0.csv,e98fd5a6628efd279e9399c6935e7ae6f3442ea58080743db4d070acaa8974de,52392,text/csv,PUBLIC_RELEASE,CC BY 4.0,PUBLIC_SCREENED,digital_companion_content
companion/09_CHANGE_AND_SUPERSESSION/RELEASE_CHECKLIST.csv,0a05a053122328a33a4f9287d70160aba249d2d4c911523a6ce6873e8e1d2357,1085,text/csv,PUBLIC_RELEASE,CC BY 4.0,PUBLIC_SCREENED,digital_companion_content
companion/09_CHANGE_AND_SUPERSESSION/ROUTE_EVIDENCE_OBLIGATION_REGISTRY_v1.2.0-rc.1.csv,77c9ec237b0f19c54091c5fab587e9733ba1933e2c4a19591ba66a4434bf503f,57317,text/csv,PUBLIC_RELEASE,CC BY 4.0,PUBLIC_SCREENED,digital_companion_content
companion/09_CHANGE_AND_SUPERSESSION/ROUTE_EVIDENCE_OBLIGATION_REGISTRY_v1.2.0.csv,896f0d7564ec27fcba6cf08f816ffbbe94a29ad28aa01a332e91fd59f44acdf4,57317,text/csv,PUBLIC_RELEASE,CC BY 4.0,PUBLIC_SCREENED,digital_companion_content
companion/09_CHANGE_AND_SUPERSESSION/TEMPLATE_SEMANTIC_AUDIT_REGISTER_v1.2.0-rc.1.csv,c8ba132e73582133d963d197b0c94c1a93f0a27a24addcb54f5a2876067d9383,24280,text/csv,PUBLIC_RELEASE,CC BY 4.0,PUBLIC_SCREENED,digital_companion_content
companion/09_CHANGE_AND_SUPERSESSION/TEMPLATE_SEMANTIC_AUDIT_REGISTER_v1.2.0.csv,f56a52ba658e39d0b0e0fd9d5643b46398e4b94de501fecd25862181dfd3e48e,24751,text/csv,PUBLIC_RELEASE,CC BY 4.0,PUBLIC_SCREENED,digital_companion_content
companion/09_CHANGE_AND_SUPERSESSION/TOOL_CAPABILITY_REGISTRY_2026-08-19.csv,79229fad5e15d70e4e7d25815eb4c536280c014c3cf9a0acdf14c609629696e0,9480,text/csv,PUBLIC_RELEASE,CC BY 4.0,PUBLIC_SCREENED,digital_companion_content
companion/09_CHANGE_AND_SUPERSESSION/TOOL_USE_DECISION_RECORD.csv,cb22ab2f468109b75e793edc43d4dd933b38f7134e9ca61a31373eed6c560b24,246,text/csv,PUBLIC_RELEASE,CC BY 4.0,PUBLIC_SCREENED,digital_companion_content
companion/10_BOOK_RESOURCE_MAP/APPENDIX_MIGRATION_CLOSURE_SUMMARY_PHASE14C.csv,1f913c33134c16bb04d4eeb6137fd167b0c33ee9b65938c2c6f52e12b83798ef,590,text/csv,PUBLIC_RELEASE,CC BY 4.0,PUBLIC_SCREENED,digital_companion_content
companion/10_BOOK_RESOURCE_MAP/BOOK_INTEGRATION_STATUS.md,5d0d29cabda6fe81dacd31cf89b441b0a2cfa0e4906c0fcf1737afc2bc51f4bd,601,text/markdown,PUBLIC_RELEASE,CC BY 4.0,PUBLIC_SCREENED,digital_companion_content
companion/10_BOOK_RESOURCE_MAP/BOOK_OBJECT_CROSSWALK.csv,ef8189d5bab613aa8ef793ed06b5b4dd23dd9486d579d98e96185c51a7f1cd91,26196,text/csv,PUBLIC_RELEASE,CC BY 4.0,PUBLIC_SCREENED,digital_companion_content
companion/10_BOOK_RESOURCE_MAP/BOOK_OBJECT_CROSSWALK.json,2598485637b1bdc6299fbc43e6edddb9ed283d35448de51efd63738eaeab5e22,44331,application/json,PUBLIC_RELEASE,CC BY 4.0,PUBLIC_SCREENED,digital_companion_content
companion/10_BOOK_RESOURCE_MAP/BOOK_RESOURCE_WORDING.md,75d13f71ec19fe065b55d085f59d384e71629359838d69b40049893f54b8a5c6,518,text/markdown,PUBLIC_RELEASE,CC BY 4.0,PUBLIC_SCREENED,digital_companion_content
companion/10_BOOK_RESOURCE_MAP/BOOK_TO_COMPANION_CROSSWALK.csv,2c1a8d8dcf72f35bb0573752f61b732dcf6f306dd802c4db0a8cd7c8df6fe424,31851,text/csv,PUBLIC_RELEASE,CC BY 4.0,PUBLIC_SCREENED,digital_companion_content
companion/10_BOOK_RESOURCE_MAP/BOOK_TO_COMPANION_CROSSWALK.json,026314f43f5243044ba3cc26ccb7530b833497781de2f93a468b40559f113e4a,60182,application/json,PUBLIC_RELEASE,CC BY 4.0,PUBLIC_SCREENED,digital_companion_content
companion/10_BOOK_RESOURCE_MAP/README.md,72135de8c9f6b5fbd10a540ad7482392d588117a75c826e5836375b63890adbc,389,text/markdown,PUBLIC_RELEASE,CC BY 4.0,PUBLIC_SCREENED,digital_companion_content
companion/10_BOOK_RESOURCE_MAP/REFERENCE_MIGRATION_REGISTER.csv,3f1f52debdc396c70c19ccf258e9a107cb0a98f76922582db91a44994f055c0b,7114,text/csv,PUBLIC_RELEASE,CC BY 4.0,PUBLIC_SCREENED,digital_companion_content
companion/10_BOOK_RESOURCE_MAP/STABLE_PRINCIPLE_RETENTION_REGISTER.csv,571bfd460aae49174dbccb4a85da8124865938b244a71d57bbc8166784f4c9ed,6076,text/csv,PUBLIC_RELEASE,CC BY 4.0,PUBLIC_SCREENED,digital_companion_content
docs/BOOK_COMPANION_BINDING.md,12fb8bff49658b97dc343d82fec630d6a69fb964c47d6d0476e4e9c44b3ab0fa,954,text/markdown,PUBLIC_RELEASE,CC BY 4.0,PUBLIC_SCREENED,release_documentation
docs/FINAL_FIGURE_RELEASE_STATUS.md,531b5fd15fd23e04ade18a5342587aed8b22da65befb4c35ef9aa654d860acb9,589,text/markdown,PUBLIC_RELEASE,CC BY 4.0,PUBLIC_SCREENED,release_documentation
docs/RELEASE_NOTES_1.2.0.md,882eb6c9629106cfa1e0ec052ab978c7c2dc73c74681fe9e9b91f990f92376e7,1046,text/markdown,PUBLIC_RELEASE,CC BY 4.0,PUBLIC_SCREENED,release_documentation
figures/01_ODG_NATIVE_EDITABLE/All_18_Figures_v4.3.odg,0f7601d07824633c18dc0866ef9a7e79dab0c9ccb12b56e92535a6258d94e187,49302,application/vnd.oasis.opendocument.graphics,PUBLIC_RELEASE,CC BY 4.0,PUBLIC_SCREENED,native_editable_figure_authority
figures/01_ODG_NATIVE_EDITABLE/Figure_1_1.odg,2084ca10479f7f8ac2d431bcc8888f4fd366ce38b4c6d316846a9e395d4aded7,5499,application/vnd.oasis.opendocument.graphics,PUBLIC_RELEASE,CC BY 4.0,PUBLIC_SCREENED,native_editable_figure_authority
figures/01_ODG_NATIVE_EDITABLE/Figure_1_2.odg,3639679d0c26d9188ed5c7f27c0cb62defa279f1110336d07a164879ff069f50,4961,application/vnd.oasis.opendocument.graphics,PUBLIC_RELEASE,CC BY 4.0,PUBLIC_SCREENED,native_editable_figure_authority
figures/01_ODG_NATIVE_EDITABLE/Figure_2_1.odg,93bc1ade01fb2aaf7da4869a0a3f94892fd795b8995449d43a07ad2e495f0b20,27711,application/vnd.oasis.opendocument.graphics,PUBLIC_RELEASE,CC BY 4.0,PUBLIC_SCREENED,native_editable_figure_authority
figures/01_ODG_NATIVE_EDITABLE/Figure_2_2.odg,19787ba2d71ecdb9505876f4533f519137e9107f0d0403af0dd0ea59d2700cb2,29392,application/vnd.oasis.opendocument.graphics,PUBLIC_RELEASE,CC BY 4.0,PUBLIC_SCREENED,native_editable_figure_authority
figures/01_ODG_NATIVE_EDITABLE/Figure_3_1.odg,3a2bec0999231c2e70935b57c6ceafbf2cb02bd5d7deabecb623b67c9f3a5ff1,28583,application/vnd.oasis.opendocument.graphics,PUBLIC_RELEASE,CC BY 4.0,PUBLIC_SCREENED,native_editable_figure_authority
figures/01_ODG_NATIVE_EDITABLE/Figure_3_2.odg,1debc8fa1341fc243a05f04ef02c43b0cf09208514cec33c70a375f0b319f1c5,27411,application/vnd.oasis.opendocument.graphics,PUBLIC_RELEASE,CC BY 4.0,PUBLIC_SCREENED,native_editable_figure_authority
figures/01_ODG_NATIVE_EDITABLE/Figure_4_1.odg,f7a2f117367d12a9f9915d509848ec935df5221fb2b0ce5377ee7bf1dfc43485,28107,application/vnd.oasis.opendocument.graphics,PUBLIC_RELEASE,CC BY 4.0,PUBLIC_SCREENED,native_editable_figure_authority
figures/01_ODG_NATIVE_EDITABLE/Figure_4_2.odg,52a5284c10cc4eecb3d521842b1145cbc4832cb9cc96f0d43fd2c745c5fd6300,27097,application/vnd.oasis.opendocument.graphics,PUBLIC_RELEASE,CC BY 4.0,PUBLIC_SCREENED,native_editable_figure_authority
figures/01_ODG_NATIVE_EDITABLE/Figure_5_1.odg,075810f98585ec3005b8830b736541d6018917e81fbf1e2610110315e6ceab7a,26857,application/vnd.oasis.opendocument.graphics,PUBLIC_RELEASE,CC BY 4.0,PUBLIC_SCREENED,native_editable_figure_authority
figures/01_ODG_NATIVE_EDITABLE/Figure_5_2.odg,d3058243e995f7d0c0d5686eff11eb25a5ac0631af175d0a0136d8f4a5afad53,23507,application/vnd.oasis.opendocument.graphics,PUBLIC_RELEASE,CC BY 4.0,PUBLIC_SCREENED,native_editable_figure_authority
figures/01_ODG_NATIVE_EDITABLE/Figure_6_1.odg,956f1fcc5f8e48601935b1c714a8de465253cfda9cabb074624779fc11833a02,24150,application/vnd.oasis.opendocument.graphics,PUBLIC_RELEASE,CC BY 4.0,PUBLIC_SCREENED,native_editable_figure_authority
figures/01_ODG_NATIVE_EDITABLE/Figure_6_2.odg,29565ab0be16ea3a0c2dab6c0421a88e343f47da3322cfb26600399aaea5d994,28865,application/vnd.oasis.opendocument.graphics,PUBLIC_RELEASE,CC BY 4.0,PUBLIC_SCREENED,native_editable_figure_authority
figures/01_ODG_NATIVE_EDITABLE/Figure_7_1.odg,d2e90b972af1c406f0cfddb70a511066a200ec1ed49bbb8cca2c225f31763271,31934,application/vnd.oasis.opendocument.graphics,PUBLIC_RELEASE,CC BY 4.0,PUBLIC_SCREENED,native_editable_figure_authority
figures/01_ODG_NATIVE_EDITABLE/Figure_7_2.odg,5797666544fb7f7396339eeef12e508fc4eb5c0af865cca005ac70a973229e72,5276,application/vnd.oasis.opendocument.graphics,PUBLIC_RELEASE,CC BY 4.0,PUBLIC_SCREENED,native_editable_figure_authority
figures/01_ODG_NATIVE_EDITABLE/Figure_8_1.odg,004a2e544fbda177d8ed7c0d2821518bb71f64dd15468e0bd877194820e85eab,40807,application/vnd.oasis.opendocument.graphics,PUBLIC_RELEASE,CC BY 4.0,PUBLIC_SCREENED,native_editable_figure_authority
figures/01_ODG_NATIVE_EDITABLE/Figure_8_2.odg,52626b57a4694e11b15320d959d572a8f59171ebab211ff8bdfeb8265bebe35d,29651,application/vnd.oasis.opendocument.graphics,PUBLIC_RELEASE,CC BY 4.0,PUBLIC_SCREENED,native_editable_figure_authority
figures/01_ODG_NATIVE_EDITABLE/Figure_9_1.odg,1db96515f7799ab4f420866fa9dc3ea3bfe3e32e1ce8b47233aa36e75b46195d,35706,application/vnd.oasis.opendocument.graphics,PUBLIC_RELEASE,CC BY 4.0,PUBLIC_SCREENED,native_editable_figure_authority
figures/01_ODG_NATIVE_EDITABLE/Figure_9_2.odg,8e12ee1a7aa8736f73911ec03fd1a261dd58c82d3e80ddcbd3191007f3245d8f,5171,application/vnd.oasis.opendocument.graphics,PUBLIC_RELEASE,CC BY 4.0,PUBLIC_SCREENED,native_editable_figure_authority
figures/02_SVG_PUBLICATION_VECTOR/Figure_1_1.svg,b881f1ce3442c83faa512ba2d7435fe7b8679d38014c72d4aa250d4273595630,60574,image/svg+xml,PUBLIC_RELEASE,CC BY 4.0,PUBLIC_SCREENED,publication_vector_figure
figures/02_SVG_PUBLICATION_VECTOR/Figure_1_2.svg,723b57cb90a25735d93fe3495a28aa086ec602b454a1ba59db94c7239539a788,59769,image/svg+xml,PUBLIC_RELEASE,CC BY 4.0,PUBLIC_SCREENED,publication_vector_figure
figures/02_SVG_PUBLICATION_VECTOR/Figure_2_1.svg,332f25504c9a27771095ca01b414103dfd44a8317b51effc13c8fb3549206fff,83493,image/svg+xml,PUBLIC_RELEASE,CC BY 4.0,PUBLIC_SCREENED,publication_vector_figure
figures/02_SVG_PUBLICATION_VECTOR/Figure_2_2.svg,a0f24a3409fa17d05f589aeba044ae238cbfc1a9bb2ec29227355ea98b469482,48169,image/svg+xml,PUBLIC_RELEASE,CC BY 4.0,PUBLIC_SCREENED,publication_vector_figure
figures/02_SVG_PUBLICATION_VECTOR/Figure_3_1.svg,7e9cd28f678df6d09a29438e1a4dc22075d486f5c0b5c716e853c9571941fa83,75054,image/svg+xml,PUBLIC_RELEASE,CC BY 4.0,PUBLIC_SCREENED,publication_vector_figure
figures/02_SVG_PUBLICATION_VECTOR/Figure_3_2.svg,f753853d527c527b8869b456e9e0444183824f003626ec3dfbeb7b78e5acde25,48899,image/svg+xml,PUBLIC_RELEASE,CC BY 4.0,PUBLIC_SCREENED,publication_vector_figure
figures/02_SVG_PUBLICATION_VECTOR/Figure_4_1.svg,422278bc6a02dc9d7e3443a234c04bb0d07080718351765bd382ac99cf5c2ba5,51887,image/svg+xml,PUBLIC_RELEASE,CC BY 4.0,PUBLIC_SCREENED,publication_vector_figure
figures/02_SVG_PUBLICATION_VECTOR/Figure_4_2.svg,b40e0a65b9b92b62e271b0e7c3ccea9002c81bc6e420cbc80fb5df815a36ada7,46305,image/svg+xml,PUBLIC_RELEASE,CC BY 4.0,PUBLIC_SCREENED,publication_vector_figure
figures/02_SVG_PUBLICATION_VECTOR/Figure_5_1.svg,570d036b88dbe8ecb59b74d9b3f66a5cc436af66df9f3f802457b1fe24c2899c,49330,image/svg+xml,PUBLIC_RELEASE,CC BY 4.0,PUBLIC_SCREENED,publication_vector_figure
figures/02_SVG_PUBLICATION_VECTOR/Figure_5_2.svg,b957b808262969d469c267c58f723d38f11acd439075a4bac98c81b27bb18d14,44239,image/svg+xml,PUBLIC_RELEASE,CC BY 4.0,PUBLIC_SCREENED,publication_vector_figure
figures/02_SVG_PUBLICATION_VECTOR/Figure_6_1.svg,b9ed74eac6b1d6d8e4c776e8d3a53242e8167235288427a180b42e96a0ea24cc,49475,image/svg+xml,PUBLIC_RELEASE,CC BY 4.0,PUBLIC_SCREENED,publication_vector_figure
figures/02_SVG_PUBLICATION_VECTOR/Figure_6_2.svg,cc9ab3afe64ad2f0098e8650940eadb6eee060d274c77e00f7fc40e3d70621b8,55127,image/svg+xml,PUBLIC_RELEASE,CC BY 4.0,PUBLIC_SCREENED,publication_vector_figure
figures/02_SVG_PUBLICATION_VECTOR/Figure_7_1.svg,d4f789c5d4b9a260044af8f554fdf02cb960e27304f7d934a631bffc65247694,86085,image/svg+xml,PUBLIC_RELEASE,CC BY 4.0,PUBLIC_SCREENED,publication_vector_figure
figures/02_SVG_PUBLICATION_VECTOR/Figure_7_2.svg,0440b07930e5a20f98f1583cec903ad1b9e211585eb34704c17c5a5ca638ab03,64329,image/svg+xml,PUBLIC_RELEASE,CC BY 4.0,PUBLIC_SCREENED,publication_vector_figure
figures/02_SVG_PUBLICATION_VECTOR/Figure_8_1.svg,bb825fd8f5ba0142d7296476f0e2a9c4a6c8a2ec268c313bc18e55a8872ad193,78793,image/svg+xml,PUBLIC_RELEASE,CC BY 4.0,PUBLIC_SCREENED,publication_vector_figure
figures/02_SVG_PUBLICATION_VECTOR/Figure_8_2.svg,955ed10ec272c02ddc91a48b72f1bbfc885339637296ed8e6915a4cf346aa3b9,78255,image/svg+xml,PUBLIC_RELEASE,CC BY 4.0,PUBLIC_SCREENED,publication_vector_figure
figures/02_SVG_PUBLICATION_VECTOR/Figure_9_1.svg,4f41d2a4b17d929d21f073abdbb702b1ca1edab1267a6bf6466d4971eb8caeb3,82630,image/svg+xml,PUBLIC_RELEASE,CC BY 4.0,PUBLIC_SCREENED,publication_vector_figure
figures/02_SVG_PUBLICATION_VECTOR/Figure_9_2.svg,35ef87831b4c4f4c953deffb8307246bf27e0a309a6f12883e3452d0e80ce118,82472,image/svg+xml,PUBLIC_RELEASE,CC BY 4.0,PUBLIC_SCREENED,publication_vector_figure
figures/03_PPTX_NATIVE_EDITABLE/All_18_Figures_v4.3.pptx,e5cf5457b3a2796c4a9a808f62af13b5247a7f150b3f1ca39bf10a3df9df44cd,60405,application/vnd.openxmlformats-officedocument.presentationml.presentation,PUBLIC_RELEASE,CC BY 4.0,PUBLIC_SCREENED,editable_figure_derivative
figures/03_PPTX_NATIVE_EDITABLE/Figure_1_1.pptx,d6e6143c4570bac0331d9a2faa5514654b7f0f994e87026b4b705b3fa6da7554,9785,application/vnd.openxmlformats-officedocument.presentationml.presentation,PUBLIC_RELEASE,CC BY 4.0,PUBLIC_SCREENED,editable_figure_derivative
figures/03_PPTX_NATIVE_EDITABLE/Figure_1_2.pptx,959704dcb08550b0c0b4b25186bf19b9fcd63cf82339f4160a3e68fccfefe25a,9441,application/vnd.openxmlformats-officedocument.presentationml.presentation,PUBLIC_RELEASE,CC BY 4.0,PUBLIC_SCREENED,editable_figure_derivative
figures/03_PPTX_NATIVE_EDITABLE/Figure_2_1.pptx,13621ee527e7a81879e5f1b3bec845095fef20c371ec8f5d047b6097bc583a2e,10185,application/vnd.openxmlformats-officedocument.presentationml.presentation,PUBLIC_RELEASE,CC BY 4.0,PUBLIC_SCREENED,editable_figure_derivative
figures/03_PPTX_NATIVE_EDITABLE/Figure_2_2.pptx,7c61da756b8198ad6790d66871a368604feb059b7360b4349e15c88485a6cd6e,9667,application/vnd.openxmlformats-officedocument.presentationml.presentation,PUBLIC_RELEASE,CC BY 4.0,PUBLIC_SCREENED,editable_figure_derivative
figures/03_PPTX_NATIVE_EDITABLE/Figure_3_1.pptx,44c8e1349f42e89c762d5587101ce28702f90260bcf4d1dae2f3ca8447a5aded,10151,application/vnd.openxmlformats-officedocument.presentationml.presentation,PUBLIC_RELEASE,CC BY 4.0,PUBLIC_SCREENED,editable_figure_derivative
figures/03_PPTX_NATIVE_EDITABLE/Figure_3_2.pptx,99fb459f5f0d26b9b9b1b839cd18286705f099ff4c527f9f100a07bbaf7da9e0,9466,application/vnd.openxmlformats-officedocument.presentationml.presentation,PUBLIC_RELEASE,CC BY 4.0,PUBLIC_SCREENED,editable_figure_derivative
figures/03_PPTX_NATIVE_EDITABLE/Figure_4_1.pptx,cbe423fb6a1b042165a953d2463ae7daa8a74d040d3f8bb05b37aad144c7695f,10216,application/vnd.openxmlformats-officedocument.presentationml.presentation,PUBLIC_RELEASE,CC BY 4.0,PUBLIC_SCREENED,editable_figure_derivative
figures/03_PPTX_NATIVE_EDITABLE/Figure_4_2.pptx,c1675d44cdf3ebd6ce8c933ee0307ca0500b415932b7c80fba444437d24a982f,9552,application/vnd.openxmlformats-officedocument.presentationml.presentation,PUBLIC_RELEASE,CC BY 4.0,PUBLIC_SCREENED,editable_figure_derivative
figures/03_PPTX_NATIVE_EDITABLE/Figure_5_1.pptx,de243497c539651e2d3652adf635e063f807d05b4f872d8ef781b1945455de02,10116,application/vnd.openxmlformats-officedocument.presentationml.presentation,PUBLIC_RELEASE,CC BY 4.0,PUBLIC_SCREENED,editable_figure_derivative
figures/03_PPTX_NATIVE_EDITABLE/Figure_5_2.pptx,4502c018d273577f6fbe5c9d7f11039be3e91a3540d1c3dec58c965b1486681b,9759,application/vnd.openxmlformats-officedocument.presentationml.presentation,PUBLIC_RELEASE,CC BY 4.0,PUBLIC_SCREENED,editable_figure_derivative
figures/03_PPTX_NATIVE_EDITABLE/Figure_6_1.pptx,5a61b3a99b0c6bb0c050cb89a21835de0cc8b45fc5cdf04fe8f55935c7a50f5e,9548,application/vnd.openxmlformats-officedocument.presentationml.presentation,PUBLIC_RELEASE,CC BY 4.0,PUBLIC_SCREENED,editable_figure_derivative
figures/03_PPTX_NATIVE_EDITABLE/Figure_6_2.pptx,65e8023e230bc3367f3c338418b3fced7f341e385710d3bba3eb4e872a8f71b3,9889,application/vnd.openxmlformats-officedocument.presentationml.presentation,PUBLIC_RELEASE,CC BY 4.0,PUBLIC_SCREENED,editable_figure_derivative
figures/03_PPTX_NATIVE_EDITABLE/Figure_7_1.pptx,9e9eae64c9ace4d88378bb28ca44df7874ead00926a6368fa30215c8a2f44b9d,10503,application/vnd.openxmlformats-officedocument.presentationml.presentation,PUBLIC_RELEASE,CC BY 4.0,PUBLIC_SCREENED,editable_figure_derivative
figures/03_PPTX_NATIVE_EDITABLE/Figure_7_2.pptx,8ee8e139907f3907504a37dedb6745c065ec2502c131c125b7234c8211d4dd1b,9533,application/vnd.openxmlformats-officedocument.presentationml.presentation,PUBLIC_RELEASE,CC BY 4.0,PUBLIC_SCREENED,editable_figure_derivative
figures/03_PPTX_NATIVE_EDITABLE/Figure_8_1.pptx,50cf22cfc721ea1f973441eb6c10fd0f2928079acca50105e058ae21bdd14baf,10398,application/vnd.openxmlformats-officedocument.presentationml.presentation,PUBLIC_RELEASE,CC BY 4.0,PUBLIC_SCREENED,editable_figure_derivative
figures/03_PPTX_NATIVE_EDITABLE/Figure_8_2.pptx,eeeda6e11524e2aae86aff935064841fe3c79eddb0fffdd88b762819f90fc22e,9895,application/vnd.openxmlformats-officedocument.presentationml.presentation,PUBLIC_RELEASE,CC BY 4.0,PUBLIC_SCREENED,editable_figure_derivative
figures/03_PPTX_NATIVE_EDITABLE/Figure_9_1.pptx,d72a7289a98f99c53b001b550ae3ead9317fb53d2df19fc0551466879e52ff58,10288,application/vnd.openxmlformats-officedocument.presentationml.presentation,PUBLIC_RELEASE,CC BY 4.0,PUBLIC_SCREENED,editable_figure_derivative
figures/03_PPTX_NATIVE_EDITABLE/Figure_9_2.pptx,fefdcef5db94509bc325b31cfac753ec70c7b7cd3b15ffddf9ff764f0e114f59,9542,application/vnd.openxmlformats-officedocument.presentationml.presentation,PUBLIC_RELEASE,CC BY 4.0,PUBLIC_SCREENED,editable_figure_derivative
figures/04_PNG_600PPI_FALLBACK/Figure_1_1.png,daac53851e0749a1e2e19eea10fe7ee5642448dd0ff1fe257b7f5475a3bd0190,262432,image/png,PUBLIC_RELEASE,CC BY 4.0,PUBLIC_SCREENED,figure_fallback
figures/04_PNG_600PPI_FALLBACK/Figure_1_2.png,4173976891881a01bd2e15f6b283f462a6216d11dd41712c20dfef2baf237f26,333386,image/png,PUBLIC_RELEASE,CC BY 4.0,PUBLIC_SCREENED,figure_fallback
figures/04_PNG_600PPI_FALLBACK/Figure_2_1.png,5b861f0ddfc645338f8423a3e9cd19178fe81df50adfc6ca8f7a62a07e5d5172,268361,image/png,PUBLIC_RELEASE,CC BY 4.0,PUBLIC_SCREENED,figure_fallback
figures/04_PNG_600PPI_FALLBACK/Figure_2_2.png,5ac427cfb70f7b1b703c42659e0e760df36f0c46a9ddebc4a18eee2f0ca8a973,322613,image/png,PUBLIC_RELEASE,CC BY 4.0,PUBLIC_SCREENED,figure_fallback
figures/04_PNG_600PPI_FALLBACK/Figure_3_1.png,c3f49ff417015cbfb1387075922abb0a7dc7249218b39523a3590f23a2e50fb0,317211,image/png,PUBLIC_RELEASE,CC BY 4.0,PUBLIC_SCREENED,figure_fallback
figures/04_PNG_600PPI_FALLBACK/Figure_3_2.png,72a29f6042d15be00582e911027c308f205160435c1669667d35ab22ee185f0b,291436,image/png,PUBLIC_RELEASE,CC BY 4.0,PUBLIC_SCREENED,figure_fallback
figures/04_PNG_600PPI_FALLBACK/Figure_4_1.png,a7518888c2f6c9f74c882661d8a4b3e06ee3dd36c3004da663626ba7dfda329e,284540,image/png,PUBLIC_RELEASE,CC BY 4.0,PUBLIC_SCREENED,figure_fallback
figures/04_PNG_600PPI_FALLBACK/Figure_4_2.png,a1d4647ba643c8e2790ea526778b99eb16d486e60bb65d7e675b73c063e14ab4,254568,image/png,PUBLIC_RELEASE,CC BY 4.0,PUBLIC_SCREENED,figure_fallback
figures/04_PNG_600PPI_FALLBACK/Figure_5_1.png,2a32bf735b5bf517ddff4bbcc12c7453dcd447358f40aa40e277c3705ae49d5a,282098,image/png,PUBLIC_RELEASE,CC BY 4.0,PUBLIC_SCREENED,figure_fallback
figures/04_PNG_600PPI_FALLBACK/Figure_5_2.png,85b3c8d6514cf8c9e81b623328f0584712a7f07011d227baae7580d1e8af9d53,226234,image/png,PUBLIC_RELEASE,CC BY 4.0,PUBLIC_SCREENED,figure_fallback
figures/04_PNG_600PPI_FALLBACK/Figure_6_1.png,ef812fe27f53bf21c629f2cd5d25793b5646b2d8237929f100d676bd553c6d8f,216176,image/png,PUBLIC_RELEASE,CC BY 4.0,PUBLIC_SCREENED,figure_fallback
figures/04_PNG_600PPI_FALLBACK/Figure_6_2.png,3ee270c5de069137867fc126e3496e4a03a47e967eb5e568f73635c845061985,295757,image/png,PUBLIC_RELEASE,CC BY 4.0,PUBLIC_SCREENED,figure_fallback
figures/04_PNG_600PPI_FALLBACK/Figure_7_1.png,c07e60428b3ce65d5e28030bfc870cdaba82de4515907e776de40dc028f9d81e,269838,image/png,PUBLIC_RELEASE,CC BY 4.0,PUBLIC_SCREENED,figure_fallback
figures/04_PNG_600PPI_FALLBACK/Figure_7_2.png,270ba5fc17b685b1397d5d16554fe5e48250a16ba4d566fe1c0d3bf2e701f1dd,219510,image/png,PUBLIC_RELEASE,CC BY 4.0,PUBLIC_SCREENED,figure_fallback
figures/04_PNG_600PPI_FALLBACK/Figure_8_1.png,fda5c6929823ec6d9bafd67dfc1b67506d631f36ad68df31435cf9d13608d24e,311106,image/png,PUBLIC_RELEASE,CC BY 4.0,PUBLIC_SCREENED,figure_fallback
figures/04_PNG_600PPI_FALLBACK/Figure_8_2.png,a958d5c02d9ad1c1e3cf1805d7e203287e6163d713a053a8280b91abf86d902b,289943,image/png,PUBLIC_RELEASE,CC BY 4.0,PUBLIC_SCREENED,figure_fallback
figures/04_PNG_600PPI_FALLBACK/Figure_9_1.png,7466bb09695f0ddbdc2a9900a7a46e8f050f668d81e4578105526cfeedab34b7,315992,image/png,PUBLIC_RELEASE,CC BY 4.0,PUBLIC_SCREENED,figure_fallback
figures/04_PNG_600PPI_FALLBACK/Figure_9_2.png,62ccf0e8334f9af12074402396b336b88532e7a07c260de3c1a3dd29d8304adc,259183,image/png,PUBLIC_RELEASE,CC BY 4.0,PUBLIC_SCREENED,figure_fallback
figures/05_QA/ALL_18_FIGURES_CONTACT_SHEET_v4.3.png,c9857ac22a85de35e58e0047eeafa88c3eb0f25e2b8f8839e2aa1bb7396e0e95,1149211,image/png,PUBLIC_RELEASE,CC BY 4.0,PUBLIC_SCREENED,figure_control_or_provenance
figures/05_QA/ALT_TEXT_REGISTRY.csv,7124c8546d4e99f64836f3918ba0d08f7ea3237a900d4842deada4b7a7d41eb2,5615,text/csv,PUBLIC_RELEASE,CC BY 4.0,PUBLIC_SCREENED,figure_control_or_provenance
figures/05_QA/PPTX_EDITABILITY_VALIDATION.csv,28a06fffe97ada8741c8bbdd909aa4be9249deb321d9a0d8a1cd5761088ea0fb,2290,text/csv,PUBLIC_RELEASE,CC BY 4.0,PUBLIC_SCREENED,figure_control_or_provenance
figures/05_QA/PPTX_EDITABILITY_VALIDATION.json,648a0bab1e8a8889c886450d95636c9b0923a0b7576b577e7d07410883a787b9,6405,application/json,PUBLIC_RELEASE,CC BY 4.0,PUBLIC_SCREENED,figure_control_or_provenance
figures/05_QA/SUMMARY.json,fab41a56c3271d17392d7176a7778e406ddb26662516d5cda0e40f76096fb83b,1188,application/json,PUBLIC_RELEASE,CC BY 4.0,PUBLIC_SCREENED,figure_control_or_provenance
figures/05_QA/VALIDATION.csv,0687c1d2ff2451dc6beeca3463d0460656e751757746b1392a1b4f8040642a56,6724,text/csv,PUBLIC_RELEASE,CC BY 4.0,PUBLIC_SCREENED,figure_control_or_provenance
figures/05_QA/VALIDATION.json,e9734e6298d988758308a7b608874570310363c4996cbf03f2d613acfdb06928,16222,application/json,PUBLIC_RELEASE,CC BY 4.0,PUBLIC_SCREENED,figure_control_or_provenance
figures/06_SOURCE_AND_PROVENANCE/AUTHOR_SOURCE_BYTE_IDENTITY_REGISTER.csv,18d82eab80cb075a9c1bc23fcda26ca06e50394231979cd5dfc165b354616f75,4213,text/csv,PUBLIC_RELEASE,CC BY 4.0,PUBLIC_SCREENED,figure_control_or_provenance
figures/06_SOURCE_AND_PROVENANCE/SOURCE_PROVENANCE_REGISTER.csv,c9cfbeef295952eae8f80db2525684eb63b32dca9a9bd137ae5ec03d2f551e98,8133,text/csv,PUBLIC_RELEASE,CC BY 4.0,PUBLIC_SCREENED,figure_control_or_provenance
figures/06_SOURCE_AND_PROVENANCE/build_consolidated_odg.py,b3028c898d399cad9435977fd789addd4150014b38d2bd1ac7abd9d8bcb631bd,7148,text/x-python,PUBLIC_RELEASE,MIT,PUBLIC_SCREENED,figure_control_or_provenance
figures/06_SOURCE_AND_PROVENANCE/build_individual_pptx_from_odg_v43.py,c3d5c0074dee47e50e61449961c70cd417f5fced345b2bfbdb5467b04aaa2f76,1931,text/x-python,PUBLIC_RELEASE,MIT,PUBLIC_SCREENED,figure_control_or_provenance
figures/06_SOURCE_AND_PROVENANCE/merge_individual_pptx_v43.py,051c93914b8dc4079c95c01413592c7f51f9202d5e12e7f94ed183209fc0c92f,3953,text/x-python,PUBLIC_RELEASE,MIT,PUBLIC_SCREENED,figure_control_or_provenance
figures/MANIFEST.csv,60e45d5790bd5a48aeb208b9f1904ec766e1346ae8fbcf4ac49066f7c1467c46,14237,text/csv,PUBLIC_RELEASE,CC BY 4.0,PUBLIC_SCREENED,figure_control_or_provenance
figures/README.md,0fc3dc6a4d0f27a8709641d7c95c2a8419cd618c6f6cb424a2e0723ac1a87064,1052,text/markdown,PUBLIC_RELEASE,CC BY 4.0,PUBLIC_SCREENED,figure_control_or_provenance
figures/SHA256SUMS.txt,e48b35dabb8e63a89e96d86541dc338346c819baf0dea9c9c961ca34b01c2a3e,9332,text/plain,PUBLIC_RELEASE,CC BY 4.0,PUBLIC_SCREENED,figure_control_or_provenance
figures/VERSION.txt,3d8b8a028faed8171e029d2ce23bae648d63aeee71debc677251148d2832b229,281,text/plain,PUBLIC_RELEASE,CC BY 4.0,PUBLIC_SCREENED,figure_control_or_provenance
manifests/APPENDIX_MIGRATION_CLOSURE_SUMMARY_PHASE14C.csv,1f913c33134c16bb04d4eeb6137fd167b0c33ee9b65938c2c6f52e12b83798ef,590,text/csv,PUBLIC_RELEASE,CC BY 4.0,PUBLIC_SCREENED,control_manifest
manifests/APPENDIX_MIGRATION_REGISTER.csv,7d8e6ccd3fdad3049b425477f4028b4107976ccd76611a61c68b62eaf3f1f32a,2270,text/csv,PUBLIC_RELEASE,CC BY 4.0,PUBLIC_SCREENED,control_manifest
manifests/APPENDIX_OBJECT_MIGRATION_REGISTER_PHASE14C.csv,0d0569b0ef53b6b19fd4ab422f0aff47a2261fee5762128d96b1f48b8b330282,287508,text/csv,PUBLIC_RELEASE,CC BY 4.0,PUBLIC_SCREENED,control_manifest
manifests/BOOK_COMPANION_BINDING_v1.2.0_BOOK_v3.9.0.json,3900ed64f2f1e98555f90fee92197a994580407aca1fecb293a92c868376d95f,1466,application/json,PUBLIC_RELEASE,CC BY 4.0,PUBLIC_SCREENED,control_manifest
manifests/BOOK_OBJECT_CROSSWALK.csv,ef8189d5bab613aa8ef793ed06b5b4dd23dd9486d579d98e96185c51a7f1cd91,26196,text/csv,PUBLIC_RELEASE,CC BY 4.0,PUBLIC_SCREENED,control_manifest
manifests/BOOK_TO_COMPANION_CROSSWALK.csv,2c1a8d8dcf72f35bb0573752f61b732dcf6f306dd802c4db0a8cd7c8df6fe424,31851,text/csv,PUBLIC_RELEASE,CC BY 4.0,PUBLIC_SCREENED,control_manifest
manifests/BOOK_TO_COMPANION_CROSSWALK.json,026314f43f5243044ba3cc26ccb7530b833497781de2f93a468b40559f113e4a,60182,application/json,PUBLIC_RELEASE,CC BY 4.0,PUBLIC_SCREENED,control_manifest
manifests/EXCLUSIONS_REGISTER.csv,6a56fff02aef0166ef73152dd060d2d02dfa573323ba2f8b94a260e75109aa78,1153,text/csv,PUBLIC_RELEASE,CC BY 4.0,PUBLIC_SCREENED,control_manifest
manifests/FILE_CLASS_LICENCE_REGISTER.csv,a78daf9ea17e351dc0be353432fefc3bcc07ea26ffeb02976358938685a8a4eb,1006,text/csv,PUBLIC_RELEASE,CC BY 4.0,PUBLIC_SCREENED,control_manifest
manifests/PHASE14B_QA_CONTROL_MATRIX.csv,009d8742c8db9eb8c94ee5cab9ab636cf0e8e66b52a5751655800c6931b90aa1,900,text/csv,PUBLIC_RELEASE,CC BY 4.0,PUBLIC_SCREENED,control_manifest
manifests/PHASE14C_QA_CONTROL_MATRIX.csv,e3d2c1db89cf759800151816c469d2d9bfc9b2c6402dbbfc17a754794f1fd318,640,text/csv,PUBLIC_RELEASE,CC BY 4.0,PUBLIC_SCREENED,control_manifest
manifests/PRE_RELEASE_GITHUB_BASELINE_2026-08-24.json,56a6ec5126b1e76e81ecd6b6dd10cf09288569ba613389f93323663d879ecadd,416,application/json,PUBLIC_RELEASE,CC BY 4.0,PUBLIC_SCREENED,control_manifest
manifests/RECORD_CATALOGUE_v1.2.0.csv,e98fd5a6628efd279e9399c6935e7ae6f3442ea58080743db4d070acaa8974de,52392,text/csv,PUBLIC_RELEASE,CC BY 4.0,PUBLIC_SCREENED,control_manifest
manifests/REFERENCE_MIGRATION_REGISTER.csv,3f1f52debdc396c70c19ccf258e9a107cb0a98f76922582db91a44994f055c0b,7114,text/csv,PUBLIC_RELEASE,CC BY 4.0,PUBLIC_SCREENED,control_manifest
manifests/RELEASE_CONTROL_REGISTER.csv,73b88a2ad8aa36a487be0a63b4df4fb116635a33da1c7764000250af839f6450,943,text/csv,PUBLIC_RELEASE,CC BY 4.0,PUBLIC_SCREENED,control_manifest
manifests/RIGHTS_AND_PRIVACY_REGISTER.csv,92292058ac2f3123b47578e4ec903ba1e567248f013b85f8f5b3996183ec5f9e,1349,text/csv,PUBLIC_RELEASE,CC BY 4.0,PUBLIC_SCREENED,control_manifest
manifests/SENSITIVE_CONTENT_SCAN.csv,e4c27f892e5930676b56ea3b11b52ff59b00399beb8e9d8f72bb634a21287525,41,text/csv,PUBLIC_RELEASE,CC BY 4.0,PUBLIC_SCREENED,control_manifest
manifests/SOURCE_FILE_DECISION_REGISTER.csv,8c0f416f2bff95a86f8dbf24453d69534d57ac94a1e5fe75b952a713a37133e6,994,text/csv,PUBLIC_RELEASE,CC BY 4.0,PUBLIC_SCREENED,control_manifest
manifests/STABLE_PRINCIPLE_RETENTION_REGISTER.csv,571bfd460aae49174dbccb4a85da8124865938b244a71d57bbc8166784f4c9ed,6076,text/csv,PUBLIC_RELEASE,CC BY 4.0,PUBLIC_SCREENED,control_manifest
manifests/TEMPLATE_SEMANTIC_AUDIT_REGISTER.csv,f56a52ba658e39d0b0e0fd9d5643b46398e4b94de501fecd25862181dfd3e48e,24751,text/csv,PUBLIC_RELEASE,CC BY 4.0,PUBLIC_SCREENED,control_manifest
manifests/WORKED_EXAMPLE_COMPLETENESS_AUDIT.csv,fd288a3cc01b62124a6fac729fed93601ab5d01079737476e0437a810e7d6fe3,7750,text/csv,PUBLIC_RELEASE,CC BY 4.0,PUBLIC_SCREENED,control_manifest
schemas/CSV_DATA_DICTIONARIES/CONTROLLED_VOCABULARY.csv,ce23705d78770aeaf10a0064fec31eb0e972226a1d1bbaaaadc4fd18b44dcff8,8947,text/csv,PUBLIC_RELEASE,CC BY 4.0,PUBLIC_SCREENED,schema
schemas/CSV_DATA_DICTIONARIES/README.md,9ecdbf6742732d0c34dd1bc029b8b9ebb380453b327f39fb38a090b5fd0ed1b6,369,text/markdown,PUBLIC_RELEASE,CC BY 4.0,PUBLIC_SCREENED,schema
schemas/CSV_DATA_DICTIONARIES/TEMPLATE_FIELD_DICTIONARY.csv,68d008d8b1296f844a97cd8972e11908180d5aea86fdc20458389a8ec23bfa7e,473509,text/csv,PUBLIC_RELEASE,CC BY 4.0,PUBLIC_SCREENED,schema
schemas/JSON_SCHEMAS/book_crosswalk.schema.json,65a2363cdbdf39437143941abe7a45b3f422049c8da555211c403520f6b18541,566,application/json,PUBLIC_RELEASE,CC BY 4.0,PUBLIC_SCREENED,schema
schemas/JSON_SCHEMAS/repository_manifest.schema.json,3777f0ca61c16e79aa74938c175bcbfd9ed4a004e0676039e5227e4c499c618a,536,application/json,PUBLIC_RELEASE,CC BY 4.0,PUBLIC_SCREENED,schema
scripts/check_internal_links.py,a3bcc208ff4aafecd03af90ac2c3099e111fabba3bd518588abf4cb506baf968,994,text/x-python,PUBLIC_RELEASE,MIT,PUBLIC_SCREENED,validation_code
scripts/generate_manifest.py,8b2956ea9314aaf35c9b7d92fe94b157d1499fc0298467a40e12253f920f9dcc,3351,text/x-python,PUBLIC_RELEASE,MIT,PUBLIC_SCREENED,validation_code
scripts/scan_sensitive_content.py,2f01f2d06922e642e00aa1137e4ee03981d14cbeb8a3f4d6f21da781fbc09b0c,2587,text/x-python,PUBLIC_RELEASE,MIT,PUBLIC_SCREENED,validation_code
scripts/validate_appendix_migration.py,37e2501ac26ae4e1c9bd52b32b39003d974f63ff4cdee9d92f43007326229ee8,1976,text/x-python,PUBLIC_RELEASE,MIT,PUBLIC_SCREENED,validation_code
scripts/validate_data_files.py,9c9d75d8f155cb996eadfdcb00653cb348758a1beb8811780d229b982d063714,1252,text/x-python,PUBLIC_RELEASE,MIT,PUBLIC_SCREENED,validation_code
scripts/validate_release_candidate.py,95d0155ee414dcd45bc38fb6929e4becd19fba8e2bec4ae2c30eb3c697fd6a23,962,text/x-python,PUBLIC_RELEASE,MIT,PUBLIC_SCREENED,validation_code
scripts/validate_repository.py,07619b5480ea548e0c8ff44a3e34f3b57c9d74f607dce4f6deec4cdded418cb6,5302,text/x-python,PUBLIC_RELEASE,MIT,PUBLIC_SCREENED,validation_code
scripts/validate_semantic_contracts.py,f59ddd944e363cf6b47d2b4e6946999ab39d4d1a27a01b15e7ab81318c65d528,9093,text/x-python,PUBLIC_RELEASE,MIT,PUBLIC_SCREENED,validation_code
scripts/verify_manifest.py,70c01cf99d9a537c2a039802cd029f7787c26e2c5ee734963cc2fb18dd730579,2318,text/x-python,PUBLIC_RELEASE,MIT,PUBLIC_SCREENED,validation_code
