sequence,gate_id,control_or_gate,book_anchor,decision_question,entry_condition,minimum_records,full_records,pass_evidence,permitted_outcomes,return_route,official_status,phase14b_status
1,G0,Project Start Pack / opening control,"Chapter 1, Sections 1.1–1.8","Is the assessed product, provisional route, access boundary and first decision sufficiently explicit to begin?","A project intention, topic, dataset, code base, organisational request or literature interest exists but has not yet been authorised as a controlled project.",ROUTE_SELECTOR_MIN.csv; PROJECT_START_PACK_MIN.csv,ROUTE_SELECTOR_FULL.csv; PROJECT_START_PACK_FULL.csv; AUTHORITY_MATRIX_FULL.csv,"Exact assessed product, dominant route, unit of analysis, access and authority boundary, first inspectable deliverable, owner and versioned workspace.",proceed; proceed with named actions; repair; stop before commitment,"Remain in orientation until product, route, access and ownership are explicit.",Authorial pedagogical control; not an official ASE category or examination decision.,SEMANTICALLY LOCKED TO BOOK v3.7.1 — PRIVATE HOLD
2,G1,Problem Gate,"Chapter 2, Sections 2.1–2.8","Is the problem specific, consequential, feasible and answerable?",A provisional route exists and the project can expose its most consequential uncertainty.,SCOPE_CANVAS_MIN.csv; FEASIBILITY_SPRINT_RECORD_MIN.csv,SCOPE_CANVAS_FULL.csv; FEASIBILITY_SPRINT_RECORD_FULL.csv; RISK_ASSUMPTION_REGISTER_FULL.csv; GATE_RECORD_FULL.csv,"Bounded question, accessible evidence path, smallest defensible contribution, feasibility evidence and an explicit continue, narrow, pivot or stop decision.",continue; narrow; pivot; stop,"Reopen SCOPE, change route or archive the stopped topic before sunk cost dictates the project.",Authorial pedagogical control; not an official ASE category or examination decision.,SEMANTICALLY LOCKED TO BOOK v3.7.1 — PRIVATE HOLD
3,G2,Evidence Gate,"Chapter 3, Sections 3.1–3.8","Is the evidence base sufficient, source-verified and fit for the intended decisions?",The Problem Gate has authorised evidence construction for a bounded question.,CORPUS_LEDGER_MIN.csv; CLAIM_EVIDENCE_MAP_MIN.csv,SEARCH_STRATEGY_RECORD_FULL.csv; CORPUS_LEDGER_FULL.csv; CORE_SOURCE_NOTE_FULL.csv; APPRAISAL_RECORD_FULL.csv; SYNTHESIS_MEMO_FULL.csv; GATE_RECORD_FULL.csv,"Documented discovery routes, resolved identities and versions, original-source anchors, appraisal, alternatives, contradictions and a bounded corpus statement.",proceed; proceed with evidence conditions; repair corpus; return to Problem Gate; amend protocol; suspend claim,"Repair search or source identity, narrow the question or suspend the dependent claim.",Authorial pedagogical control; not an official ASE category or examination decision.,SEMANTICALLY LOCKED TO BOOK v3.7.1 — PRIVATE HOLD
4,G3,Design Gate,"Chapter 4, Sections 4.1–4.8",Can the approved plan produce evidence for the question under the relevant authority boundaries?,"A verified evidence base constrains the route, alternatives and evaluation burden.",DECIDE_RECORD_MIN.csv,DECIDE_RECORD_FULL.csv; AUTHORITY_MATRIX_FULL.csv; RISK_ASSUMPTION_REGISTER_FULL.csv; EARLY_TEST_RECORD_FULL.csv; EVALUATION_DESIGN_RECORD_FULL.csv; GATE_RECORD_FULL.csv,"Executable route-specific protocol, credible alternatives, authority and access, evaluation contract, early test, amendment rule and stop conditions.",proceed; proceed with conditions; simplify; methodological repair; return; await authority; stop,Return to the Problem or Evidence Gate when the plan cannot support the question or relies on unauthorised evidence.,Authorial pedagogical control; not an official ASE category or examination decision.,SEMANTICALLY LOCKED TO BOOK v3.7.1 — PRIVATE HOLD
5,G4,Execution Gate,"Chapter 5, Sections 5.1–5.8","Was the approved plan executed in an inspectable, controlled and reconstructable way?",One bounded work unit is authorised by the approved protocol.,VERSION_MANIFEST_RECORD_MIN.csv; GATE_RECORD_MIN.csv,WORK_UNIT_BRIEF_FULL.csv; EXECUTION_PROVENANCE_RECORD_FULL.csv; CANDIDATE_ARTEFACT_INSPECTION_RECORD_FULL.csv; AUTHORITATIVE_FILE_VERSION_RECORD_FULL.csv; GATE_RECORD_FULL.csv,"Identifiable starting state, primary artefact, retained failures, independent basis, rights and privacy control, explicit disposition and recovery route.",admit; admit with conditions; repair; repeat; reject; defer; quarantine; return; stop,Preserve deviations and return to Design Gate rather than silently normalising a different method.,Authorial pedagogical control; not an official ASE category or examination decision.,SEMANTICALLY LOCKED TO BOOK v3.7.1 — PRIVATE HOLD
6,G5,Claim Gate,"Chapter 6, Sections 6.1–6.8",What can the evidence support and where must the claim stop?,The Execution Gate has admitted an inspectable evidence body.,CLAIM_EVIDENCE_MAP_MIN.csv,EVALUATION_DESIGN_RECORD_FULL.csv; CLAIM_EVIDENCE_MAP_FULL.csv; UNCERTAINTY_COUNTER_EVIDENCE_RECORD_FULL.csv; GATE_RECORD_FULL.csv,"Exact claim wording, route and comparison, complete evidence and counter-evidence, uncertainty, practical meaning, robustness and ownership.",supported within boundary; supported with conditions; descriptive only; negative; null-compatible; inconclusive; invalid; suspended; return,Return to Design or Execution when the evidence body cannot license the intended inference.,Authorial pedagogical control; not an official ASE category or examination decision.,SEMANTICALLY LOCKED TO BOOK v3.7.1 — PRIVATE HOLD
7,G6,Argument Gate,"Chapter 7, Sections 7.1–7.8",Does the manuscript contain one reconstructible argument rather than a chronology?,The Claim Gate has authorised bounded wording and rejected stronger alternatives.,CLAIM_EVIDENCE_MAP_MIN.csv,ARGUMENT_SPINE_MAP_FULL.csv; SECTION_CONTRACT_REGISTER_FULL.csv; EVIDENTIAL_OBJECT_NAVIGATION_AUDIT_FULL.csv; GATE_RECORD_FULL.csv,"One identity from title to conclusion, necessary section functions, verified knowledge position, method-execution trace, evidential visuals and bounded discussion.",proceed; proceed with named repairs; rebuild section or trace; return to earlier gate; suspend claim,Return to Claim Gate when coherence requires stronger wording than the evidence supports.,Authorial pedagogical control; not an official ASE category or examination decision.,SEMANTICALLY LOCKED TO BOOK v3.7.1 — PRIVATE HOLD
8,G7,Editorial Gate,"Chapter 8, Sections 8.1–8.8","Do all semantic, bibliographic, technical and rendered layers preserve the same bounded study?",The Argument Gate has admitted an intellectually coherent manuscript.,VERSION_MANIFEST_RECORD_MIN.csv; GATE_RECORD_MIN.csv,EDITORIAL_REVISION_MAP_FULL.csv; SOURCE_RIGHTS_ATTRIBUTION_RECORD_FULL.csv; EVIDENTIAL_OBJECT_NAVIGATION_AUDIT_FULL.csv; AUTHOR_IDENTITY_HEADLINE_RECORD_FULL.csv; SIMILARITY_AI_AUTHORSHIP_RECORD_FULL.csv; AUTHORITATIVE_FILE_VERSION_RECORD_FULL.csv; ACCESSIBILITY_RENDER_AUDIT_FULL.csv; GATE_RECORD_FULL.csv,"Argument invariant, headline and terminology lock, source and rights integrity, evidential apparatus, ownership, package hygiene, proof and version lineage.",repair required; author-side closed — proof pending; author-side proof verified — administrative and publisher checks pending; return,Reopen the earliest gate whose authorised meaning was changed by editing or proof repair.,Authorial pedagogical control; not an official ASE category or examination decision.,SEMANTICALLY LOCKED TO BOOK v3.7.1 — PRIVATE HOLD
9,G8,Defence Readiness Gate,"Chapter 9, Sections 9.1–9.8","Do the submitted record, demonstration, slides and oral account describe the same contribution?",The author-side proof and scientific record are stable enough for current-session administrative and defence controls.,DEMONSTRATION_RUNBOOK_MIN.csv; DEFENCE_QUESTION_MATRIX_MIN.csv; GATE_RECORD_MIN.csv,CURRENT_SESSION_AUTHORITY_RECORD_FULL.csv; PACKAGE_CONSISTENCY_RECORD_FULL.csv; SUBMISSION_PACKAGE_MANIFEST_FULL.csv; DEMONSTRATION_RUNBOOK_FULL.csv; PRESENTATION_SPINE_RECORD_FULL.csv; DEFENCE_QUESTION_MATRIX_FULL.csv; MOCK_DEFENCE_AND_RECOVERY_RECORD_FULL.csv; DEFENCE_READINESS_RECORD_FULL.csv; GATE_RECORD_FULL.csv,"Current authority, one-record identity, accurate declarations, lawful access, safe demonstration and fallback, accessible presentation, oral ownership and independent test.",defence-ready; ready with administrative actions; repair; rehearse; return; withhold release; do not submit,Return to Editorial Gate or the earliest scientific gate responsible for drift; withhold submission while a non-compensable defect remains.,Authorial pedagogical control; not an official ASE category or examination decision.,SEMANTICALLY LOCKED TO BOOK v3.7.1 — PRIVATE HOLD
