figure_number,chapter,file_stem,caption,short_title,svg_path,svg_sha256,svg_bytes,odg_path,odg_sha256,odg_bytes,odg_native_object_count,odg_text_box_count,odg_embedded_image_count,odg_object_level_edit_smoke_test,pptx_path,pptx_sha256,pptx_bytes,pptx_native_shape_count,pptx_picture_count,png_path,png_sha256,png_bytes,text_roundtrip_odg,text_roundtrip_pptx,render_ssim,render_mae,status
1.1,1,Figure_1_1_Evidence_to_Defence_Architecture,"Figure 1.1. The evidence-to-defence architecture: eight inquiry routes, four controls and nine gates.","The evidence-to-defence architecture: eight inquiry routes, four controls and nine gates",01_SVG_CANONICAL/Figure_1_1_Evidence_to_Defence_Architecture.svg,2ec2ed603890a6397f56ec6bd2574eb501a2a9eabb06365489b794f3d6b22e59,8538,02_ODG_NATIVE_EDITABLE_INDIVIDUAL/Figure_1_1_Evidence_to_Defence_Architecture_NATIVE_EDITABLE.odg,ee4488f5cc7da3770837e727e9fcf40d688b0703e05c58834d9d2fa2335ce65f,40083,137,42,0,PASS,04_PPTX_NATIVE_EDITABLE_INDIVIDUAL/Figure_1_1_Evidence_to_Defence_Architecture_NATIVE_EDITABLE.pptx,4487815c3357f8021ffa367111ef9880e2e8244972958a49676792bb97d214d4,14149,137,0,06_PNG_REFERENCE/Figure_1_1_Evidence_to_Defence_Architecture.png,d543f9c9a3824ec147d857b1ef3b36dcc749e431393253d9ba9088a75b8458e5,316836,PASS,PASS,0.976074,2.373138,PASS
1.2,1,Figure_1_2_Advice_Authority_and_Authorship_Map,"Figure 1.2. Advice, approval, authority and assistance do not transfer authorship or responsibility.","Advice, approval, authority and assistance do not transfer authorship or responsibility",01_SVG_CANONICAL/Figure_1_2_Advice_Authority_and_Authorship_Map.svg,25fda182cae57ab36fc2883e1354e2093b4e4ebd4ec3d71a8519614522740951,4036,02_ODG_NATIVE_EDITABLE_INDIVIDUAL/Figure_1_2_Advice_Authority_and_Authorship_Map_NATIVE_EDITABLE.odg,8f09e3edd22ffc2f03b6fe9282061f404f08792a7c041bb41af993c059f8ac69,25498,46,21,0,PASS,04_PPTX_NATIVE_EDITABLE_INDIVIDUAL/Figure_1_2_Advice_Authority_and_Authorship_Map_NATIVE_EDITABLE.pptx,c3dc7735e206632e3de014fe9da48a6874f78a09e5db57dad4da9dbc178b1698,10774,46,0,06_PNG_REFERENCE/Figure_1_2_Advice_Authority_and_Authorship_Map.png,c569da3503ec1e594f1baa8ef95bf26ba904e626c7c3283415411d7a424eb047,234382,PASS,PASS,0.994841,0.80441,PASS
2.1,2,Figure_2_1_Topic_Decision_Path,Figure 2.1. From candidate ideas to the Problem Gate.,From candidate ideas to the Problem Gate,01_SVG_CANONICAL/Figure_2_1_Topic_Decision_Path.svg,f15826078377ec0b80e786c7a800ae064d2c318dbe60e200f6a2d780339c0467,4212,02_ODG_NATIVE_EDITABLE_INDIVIDUAL/Figure_2_1_Topic_Decision_Path_NATIVE_EDITABLE.odg,0bd459ab525e2c76447b1a90b17e6df0e901c87f9948c959434f34b1bec60efb,20887,66,16,0,PASS,04_PPTX_NATIVE_EDITABLE_INDIVIDUAL/Figure_2_1_Topic_Decision_Path_NATIVE_EDITABLE.pptx,df9699e301e96f168ed6e7b5ad84def031e0272fd8d59fd9276c4bcc9875ad38,10833,66,0,06_PNG_REFERENCE/Figure_2_1_Topic_Decision_Path.png,d25205527c59783b8dc1e65b9a364a69e568a2bd8791f75a8db255690cb157e7,129790,PASS,PASS,0.995016,0.511915,PASS
2.2,2,Figure_2_2_SCOPE_Framing_Canvas,Figure 2.2. The SCOPE framing canvas.,The SCOPE framing canvas,01_SVG_CANONICAL/Figure_2_2_SCOPE_Framing_Canvas.svg,e9c01ad05d8fff0374ddf996a80af9cd52ae795d8053065abfbdcfeb2845af47,4692,02_ODG_NATIVE_EDITABLE_INDIVIDUAL/Figure_2_2_SCOPE_Framing_Canvas_NATIVE_EDITABLE.odg,093a1c85b57969d21da2c89ca2d4c355a4f8673e9207617b6f4a1dc502a3066a,33019,54,21,0,PASS,04_PPTX_NATIVE_EDITABLE_INDIVIDUAL/Figure_2_2_SCOPE_Framing_Canvas_NATIVE_EDITABLE.pptx,b38536c9a5af6bc94661330591c31ea0e22a5096413a955b8bdf26a51f541f75,11144,54,0,06_PNG_REFERENCE/Figure_2_2_SCOPE_Framing_Canvas.png,9d0c20d6753d038c341b64928a87af0ac248d7367ee2c0d976b3fe17ab11efe6,309838,PASS,PASS,0.989701,1.901227,PASS
3.1,3,Figure_3_1_Evidence_Identity_Chain,Figure 3.1. From discovery record to claim-linked evidence and project decision.,From discovery record to claim-linked evidence and project decision,01_SVG_CANONICAL/Figure_3_1_Evidence_Identity_Chain.svg,2200a324121d31c69f4fb6c0c11ea139b547d78616417e09ddaf0dd87b405410,5017,02_ODG_NATIVE_EDITABLE_INDIVIDUAL/Figure_3_1_Evidence_Identity_Chain_NATIVE_EDITABLE.odg,89065e304368f740810e7c96e4e42d16cad5f0c29bd3adba0530a20ae7c10937,24829,71,21,0,PASS,04_PPTX_NATIVE_EDITABLE_INDIVIDUAL/Figure_3_1_Evidence_Identity_Chain_NATIVE_EDITABLE.pptx,8db835cd8c3a57bef64df43c64a85652b654d89d1f7004e53b553707091e974b,11384,71,0,06_PNG_REFERENCE/Figure_3_1_Evidence_Identity_Chain.png,1673dcc667e74790fb93496c15290f87ffbdd9b6a6ee5af2ba16dd207c311c8b,202017,PASS,PASS,0.987542,1.727396,PASS
3.2,3,Figure_3_2_CORPUS_Records_Cycle,Figure 3.2. The CORPUS cycle and its retained evidence records.,The CORPUS cycle and its retained evidence records,01_SVG_CANONICAL/Figure_3_2_CORPUS_Records_Cycle.svg,8f9a4087052f0b27effdb9f6b9f23b1c0bf81532929dc798ebe1c7cab0b41bf2,5669,02_ODG_NATIVE_EDITABLE_INDIVIDUAL/Figure_3_2_CORPUS_Records_Cycle_NATIVE_EDITABLE.odg,38b9074d3ef1eef0e3ab2eab46546127a3817eb31c994e137517974620dc27e1,27268,69,21,0,PASS,04_PPTX_NATIVE_EDITABLE_INDIVIDUAL/Figure_3_2_CORPUS_Records_Cycle_NATIVE_EDITABLE.pptx,4df2e0d02b34cf498d3ba967c97b1a904c3641d55ad797b2799af2af029d1def,11811,69,0,06_PNG_REFERENCE/Figure_3_2_CORPUS_Records_Cycle.png,d85681a4dbe440e9b9dea5c626f14b3b30cc9c32c66ac722ad182c0a515965cd,257966,PASS,PASS,0.989068,1.216838,PASS
4.1,4,Figure_4_1_Reversible_Driver_to_Test_Chain,Figure 4.1. The reversible driver-to-test chain.,The reversible driver-to-test chain,01_SVG_CANONICAL/Figure_4_1_Reversible_Driver_to_Test_Chain.svg,2b14986e53038039eb325e7450bca7db838995669a6a339143d3e121ba0aeb32,6215,02_ODG_NATIVE_EDITABLE_INDIVIDUAL/Figure_4_1_Reversible_Driver_to_Test_Chain_NATIVE_EDITABLE.odg,ebf7226f7a9f494a6d5aa1365023cbc91b2810694f7ad398dade8ee99150d864,23874,99,26,0,PASS,04_PPTX_NATIVE_EDITABLE_INDIVIDUAL/Figure_4_1_Reversible_Driver_to_Test_Chain_NATIVE_EDITABLE.pptx,5a5d7e6d50f14f956c397abc4de5a3162a4c144e50cdd482c66fc267912c35a2,11982,99,0,06_PNG_REFERENCE/Figure_4_1_Reversible_Driver_to_Test_Chain.png,af681bb31e5c4774c4094064f7fa5a977f158498d2f8159ee471bb622fdadbca,201400,PASS,PASS,0.992307,0.844581,PASS
4.2,4,Figure_4_2_DECIDE_Conditional_Commitment_Cycle,Figure 4.2. DECIDE as a cycle of conditional commitment.,DECIDE as a cycle of conditional commitment,01_SVG_CANONICAL/Figure_4_2_DECIDE_Conditional_Commitment_Cycle.svg,68f928b2e3daca1e4e3db2c8936ee3f8fc846b0363f1f1e5066f36d19fac3be3,4582,02_ODG_NATIVE_EDITABLE_INDIVIDUAL/Figure_4_2_DECIDE_Conditional_Commitment_Cycle_NATIVE_EDITABLE.odg,60d3268b77de8ef0bfe870a54f9f8820a1328ec37fda35e26198283766dad1aa,24470,63,15,0,PASS,04_PPTX_NATIVE_EDITABLE_INDIVIDUAL/Figure_4_2_DECIDE_Conditional_Commitment_Cycle_NATIVE_EDITABLE.pptx,e05967524b4a93286527dadd476d5b84e63d1ab751683293df697a77291c6994,11641,63,0,06_PNG_REFERENCE/Figure_4_2_DECIDE_Conditional_Commitment_Cycle.png,b0ea63707f5a8aa402191c47cad9d373ecce4eeda3c89ee716e6a2d7b3e45a20,199362,PASS,PASS,0.993999,0.525232,PASS
5.1,5,Figure_5_1_Candidate_to_Admission_Chain,Figure 5.1. Candidate-to-admission chain for one consequential work unit.,Candidate-to-admission chain for one consequential work unit,01_SVG_CANONICAL/Figure_5_1_Candidate_to_Admission_Chain.svg,184bb697682ba47fd7b88d5528a4c0053625b01cd6da0de8418ec4795dd77cb7,7815,02_ODG_NATIVE_EDITABLE_INDIVIDUAL/Figure_5_1_Candidate_to_Admission_Chain_NATIVE_EDITABLE.odg,9cbd4ec858df4ae9540253d04ec59c9d2fd01d02842e708a158b4451e974f186,35991,96,31,0,PASS,04_PPTX_NATIVE_EDITABLE_INDIVIDUAL/Figure_5_1_Candidate_to_Admission_Chain_NATIVE_EDITABLE.pptx,5885d829816e9474c7e13d14c6227bbdc562cc741a63024610cbf949dd8b79f2,12344,96,0,06_PNG_REFERENCE/Figure_5_1_Candidate_to_Admission_Chain.png,a202513bada32c0d4b546a69db0d6edd56f754e0abe866f10ad0ce89cb9d212a,269259,PASS,PASS,0.985464,1.081126,PASS
5.2,5,Figure_5_2_Bounded_Execution_Loop,Figure 5.2. The bounded execution loop and its stop points.,The bounded execution loop and its stop points,01_SVG_CANONICAL/Figure_5_2_Bounded_Execution_Loop.svg,8da5bb49d462208adbe7fedea2eb4970777ccdc180c01f9ba995aef47dddfe11,5755,02_ODG_NATIVE_EDITABLE_INDIVIDUAL/Figure_5_2_Bounded_Execution_Loop_NATIVE_EDITABLE.odg,e53dfb025d5e2fc189aa4faf7835b0eb90f56dd60dba1da6655add5cc42cd076,32905,70,18,0,PASS,04_PPTX_NATIVE_EDITABLE_INDIVIDUAL/Figure_5_2_Bounded_Execution_Loop_NATIVE_EDITABLE.pptx,09aa53c32c995fd1b34e2b802fc3b0b82b742ed294ff4e6d97031b1885c90a9a,12173,70,0,06_PNG_REFERENCE/Figure_5_2_Bounded_Execution_Loop.png,e91d82098f7752905c60a342c5a5a1c6bdbd8659a9483d9660adce3fb2a55a44,236193,PASS,PASS,0.994644,0.496129,PASS
6.1,6,Figure_6_1_Evidence_to_Claim_Ladder,Figure 6.1. The compressed evidence-to-claim ladder and forbidden shortcuts.,The compressed evidence-to-claim ladder and forbidden shortcuts,01_SVG_CANONICAL/Figure_6_1_Evidence_to_Claim_Ladder.svg,294af3618fe6cbd37a2b1fffb3e0c0f6e7d4c2f80db2ab4d4ec8e40633db3010,8188,02_ODG_NATIVE_EDITABLE_INDIVIDUAL/Figure_6_1_Evidence_to_Claim_Ladder_NATIVE_EDITABLE.odg,a15102ea151cb4dd6635c3131b5e41ed94614485033aa31f9a950b18f3c89d5e,31322,99,34,0,PASS,04_PPTX_NATIVE_EDITABLE_INDIVIDUAL/Figure_6_1_Evidence_to_Claim_Ladder_NATIVE_EDITABLE.pptx,9797872065bc18ad0408ec9867dd65b5502d424a0b91d34b19b3ac1ede006473,12201,99,0,06_PNG_REFERENCE/Figure_6_1_Evidence_to_Claim_Ladder.png,ce8e3ee499d3acb76a39b8b6248e27efce27967747291e7159033a5e67e90c1c,252987,PASS,PASS,0.989939,0.863721,PASS
6.2,6,Figure_6_2_Claim_Stress_Test_and_Gate_Returns,Figure 6.2. The claim stress-test and gate return paths.,The claim stress-test and gate return paths,01_SVG_CANONICAL/Figure_6_2_Claim_Stress_Test_and_Gate_Returns.svg,0220310df87e19d9f94712797b272c8e6efdba53d68e956ec5450e7a871f9c52,5707,02_ODG_NATIVE_EDITABLE_INDIVIDUAL/Figure_6_2_Claim_Stress_Test_and_Gate_Returns_NATIVE_EDITABLE.odg,dee5694c09981d5b82b36c9b705a9a4d902ac370db624792320244cf95f91c09,35734,67,17,0,PASS,04_PPTX_NATIVE_EDITABLE_INDIVIDUAL/Figure_6_2_Claim_Stress_Test_and_Gate_Returns_NATIVE_EDITABLE.pptx,c30275fc8ef105b1e2181c2dde5dd41f98994f8a4fe4a5fb1af5790b1e0627ed,12040,67,0,06_PNG_REFERENCE/Figure_6_2_Claim_Stress_Test_and_Gate_Returns.png,4b599f6411a26bf2db721a4971741454517bc923cb176248f0daa7ab2897e476,267684,PASS,PASS,0.990201,0.791869,PASS
7.1,7,Figure_7_1_Gate_Records_to_Answer_Architecture,"Figure 7.1. Gate records, answer architecture and manuscript section functions.","Gate records, answer architecture and manuscript section functions",01_SVG_CANONICAL/Figure_7_1_Gate_Records_to_Answer_Architecture.svg,0538826d30486e0d0aecea5f6d658a24da7d862448f0c549cf12065a182deea7,8405,02_ODG_NATIVE_EDITABLE_INDIVIDUAL/Figure_7_1_Gate_Records_to_Answer_Architecture_NATIVE_EDITABLE.odg,c649b15be039bd91fce15668478802686308ff103c8d9b33368613b46765e7e2,40946,228,32,0,PASS,04_PPTX_NATIVE_EDITABLE_INDIVIDUAL/Figure_7_1_Gate_Records_to_Answer_Architecture_NATIVE_EDITABLE.pptx,d0197afb705e692ef06a3b6073a3eb3553d6f51e0d641729667c6f9afe434079,14532,228,0,06_PNG_REFERENCE/Figure_7_1_Gate_Records_to_Answer_Architecture.png,f7ba16e12b4337c18914da4ee29a3fd0bec217bb9e7c9883403840490e2dcf70,298835,PASS,PASS,0.988663,0.974907,PASS
7.2,7,Figure_7_2_Section_and_Paragraph_Contract,Figure 7.2. Section contract and paragraph reasoning test.,Section contract and paragraph reasoning test,01_SVG_CANONICAL/Figure_7_2_Section_and_Paragraph_Contract.svg,d1d04604dba8de48db866e3f1e494a870681d024158d4c6760cf4e733573b9ca,5466,02_ODG_NATIVE_EDITABLE_INDIVIDUAL/Figure_7_2_Section_and_Paragraph_Contract_NATIVE_EDITABLE.odg,f97001107549cf1ed34e946a127cc4f5f9e3c2444b92811dd594e8af8e77f473,32484,82,24,0,PASS,04_PPTX_NATIVE_EDITABLE_INDIVIDUAL/Figure_7_2_Section_and_Paragraph_Contract_NATIVE_EDITABLE.pptx,b9a67eb7cfc9a982ec0f1c299f851c33a9c3a91f751ec1edef58c06103843569,11777,82,0,06_PNG_REFERENCE/Figure_7_2_Section_and_Paragraph_Contract.png,d2b494ab73a528ea5318e158af02e6bca5bc9e5c06ec9deaf9b90228218b4d9d,247191,PASS,PASS,0.991194,1.00546,PASS
8.1,8,Figure_8_1_Semantic_First_Revision_and_Proof_Control,Figure 8.1. Semantic-first revision and proof-control pipeline.,Semantic-first revision and proof-control pipeline,01_SVG_CANONICAL/Figure_8_1_Semantic_First_Revision_and_Proof_Control.svg,c3694a459393ed67416f2d7d9155791b1f0159bdf3e6e3b0c8921ad2db3cc49b,8810,02_ODG_NATIVE_EDITABLE_INDIVIDUAL/Figure_8_1_Semantic_First_Revision_and_Proof_Control_NATIVE_EDITABLE.odg,f097f887177214bedb2e8d4b2d00936f07c91286e1c6df017c9ad45ffaf65a1f,37291,130,32,0,PASS,04_PPTX_NATIVE_EDITABLE_INDIVIDUAL/Figure_8_1_Semantic_First_Revision_and_Proof_Control_NATIVE_EDITABLE.pptx,b551e9c5c94c42589435e1bb4206679bb16c6ce70f473307c90da5afe46f8a83,13432,130,0,06_PNG_REFERENCE/Figure_8_1_Semantic_First_Revision_and_Proof_Control.png,9bd205cf642e089747d1d3679ad7f12db04709f7866ac60c4ecacf0ebede6ab6,312820,PASS,PASS,0.98861,1.108762,PASS
8.2,8,Figure_8_2_One_Study_Consistency_and_Metadata_Lock,"Figure 8.2. One-study consistency across headline, authorship and manuscript layers.","One-study consistency across headline, authorship and manuscript layers",01_SVG_CANONICAL/Figure_8_2_One_Study_Consistency_and_Metadata_Lock.svg,77d215cdd2f0d1f5076ce31699b9173af37aff8271e8503af8da6e75a020ef33,9049,02_ODG_NATIVE_EDITABLE_INDIVIDUAL/Figure_8_2_One_Study_Consistency_and_Metadata_Lock_NATIVE_EDITABLE.odg,f9d891aefd3d7e0b8f55beb3c36e45a92c73688daf20b4cbdd12f3a709b26ccb,38633,136,34,0,PASS,04_PPTX_NATIVE_EDITABLE_INDIVIDUAL/Figure_8_2_One_Study_Consistency_and_Metadata_Lock_NATIVE_EDITABLE.pptx,b7fc00ffbbe5e0162fb60f3dbc980b077730a7399379d59b1cba28c972b9e35d,13670,136,0,06_PNG_REFERENCE/Figure_8_2_One_Study_Consistency_and_Metadata_Lock.png,b6369a5dc090754a823919ba93fc37c2f2094340eef68d8c91089178af3b5582,310499,PASS,PASS,0.982963,1.293738,PASS
9.1,9,Figure_9_1_Author_Side_Closure_to_Defence_Ready_Record,Figure 9.1. From author-side closure to a defence-ready institutional record.,From author-side closure to a defence-ready institutional record,01_SVG_CANONICAL/Figure_9_1_Author_Side_Closure_to_Defence_Ready_Record.svg,82fa657c584149bbc1001112af72058ca64e8f2ca57a6398b7bfd1f3e56f8a7c,7681,02_ODG_NATIVE_EDITABLE_INDIVIDUAL/Figure_9_1_Author_Side_Closure_to_Defence_Ready_Record_NATIVE_EDITABLE.odg,6c98dfd88c48ed3993c301bab0d55de0e532a27520233ef6783a44922de732d0,34970,72,31,0,PASS,04_PPTX_NATIVE_EDITABLE_INDIVIDUAL/Figure_9_1_Author_Side_Closure_to_Defence_Ready_Record_NATIVE_EDITABLE.pptx,6ac451e90b94fcf4a7bd1953c4d463b5615bf27a3d9fd8d01aef3c5d9a04637f,11922,72,0,06_PNG_REFERENCE/Figure_9_1_Author_Side_Closure_to_Defence_Ready_Record.png,670cfc4157e43ee3691aa5e5eda97a7e9bd4bd3ca41a05b6df1d9b380bae042d,296093,PASS,PASS,0.989338,0.912484,PASS
9.2,9,Figure_9_2_One_Bounded_Contribution_Across_Defence_Interfaces,"Figure 9.2. One bounded contribution across institutional, evidence and defence interfaces.","One bounded contribution across institutional, evidence and defence interfaces",01_SVG_CANONICAL/Figure_9_2_One_Bounded_Contribution_Across_Defence_Interfaces.svg,e3efd0aa60ab38b205846b2fee654b2daf3702f6aaa6c7e86c82fa33d03647d9,4859,02_ODG_NATIVE_EDITABLE_INDIVIDUAL/Figure_9_2_One_Bounded_Contribution_Across_Defence_Interfaces_NATIVE_EDITABLE.odg,79f816920dd39e5bcf0343b772132950f26c23a2aa43d72a5b63769ccd0e8d5d,29661,46,19,0,PASS,04_PPTX_NATIVE_EDITABLE_INDIVIDUAL/Figure_9_2_One_Bounded_Contribution_Across_Defence_Interfaces_NATIVE_EDITABLE.pptx,48b44b93a80a21afcac7c770c0f06681dac3bb3532aedce15817f835d642702d,10991,46,0,06_PNG_REFERENCE/Figure_9_2_One_Bounded_Contribution_Across_Defence_Interfaces.png,5868df84930e9868c1f6729cb823d7ce2178ea0511855b13539be2bce7b703d6,266901,PASS,PASS,0.984611,1.151437,PASS
