verification_id,source_id,official_location,source_class,scope_checked,verification_method,finding,operational_status,conflict_id,next_required_action,verified_on
VS-001,S012,https://senat.ase.ro/wp-content/uploads/2026/20260204/Hot.Senat%20nr.%208%20din%2004.02.2026_Mod.Reg.finalizare%20studii%20licenta.pdf,GOVERNING REGULATION,Bachelor’s finalisation regulation identity and 2026 Senate-monitor supersession check,Direct official PDF and Senate-monitor review,Official regulation identity confirmed. No later bachelor’s-finalisation amendment was identified in the inspected 2026 monitor entries; the monitor remains a mandatory content-freeze recheck.,VERIFIED CONTROL BASE; RECHECK MONITOR BEFORE USE,,Recheck the Senate monitor and current faculty route immediately before consequential action.,2026-08-23
VS-002,S010,https://senat.ase.ro/wp-content/uploads/2025/20250924/Hot.Senat%20nr.%20174%20din%2024.09.2025_Reg.finalizare%20studii%20masterat.pdf,GOVERNING REGULATION,Master’s finalisation regulation identity and 2026 Senate-monitor supersession check,Direct official PDF and Senate-monitor review,Official regulation identity confirmed. No later master’s-finalisation amendment was identified in the inspected 2026 monitor entries; the monitor remains a mandatory content-freeze recheck.,VERIFIED CONTROL BASE; RECHECK MONITOR BEFORE USE,,Recheck the Senate monitor and current faculty route immediately before consequential action.,2026-08-23
VS-003,S011,https://senat.ase.ro/wp-content/uploads/2026/20260325/Hot.Senat%20nr.%2038%20din%2025.03.2026_Aprob.ghid%20utiliz.%20instrument.%20IAG.pdf,INSTITUTIONAL GENERATIVE-AI GUIDE,"Approval identity, current guide and declaration controls",Direct official Senate decision/PDF review,ASE guide identity and approval under Senate Decision no. 38 of 25 March 2026 confirmed. The current form and route must still be rechecked.,VERIFIED INSTITUTIONAL CONTROL BASE,,"Use the current declaration and any narrower programme, course, supervisor or examination instruction.",2026-08-23
VS-004,S148,https://csie.ase.ro/student-csie/examen-licenta/,LIVE FACULTY OPERATIONAL PAGE,"Bachelor’s 2026 preparation page, labels and same-day registration cut-off",Direct live-page review and comparison with linked July 2026 notice,"Official location is live, but it retains a stale “current cohort 2025” label and states a 12:00 final-day cut-off whereas the linked July 2026 PDF states 11:00.",OFFICIAL LOCATION VERIFIED; OPERATIONAL VALUE CONFLICT; DO NOT FREEZE,CF-01; CF-04,"For any live action, obtain a current competent clarification and retain it. Do not select either historical value by convenience.",2026-08-23
VS-005,S147,https://csie.ase.ro/student-csie/examen-disertatie/,LIVE FACULTY OPERATIONAL PAGE,"Dissertation 2026 preparation page, labels and same-day registration cut-off",Direct live-page review and comparison with linked June 2026 notice,"Official location is live, but a paragraph retains a July 2024 label and the page states a 14:00 final-day cut-off whereas the linked June 2026 PDF states 12:00.",OFFICIAL LOCATION VERIFIED; OPERATIONAL VALUE CONFLICT; DO NOT FREEZE,CF-02; CF-03,"For any live action, obtain a current competent clarification and retain it. Do not select either historical value by convenience.",2026-08-23
VS-006,S150,https://www.net.ase.ro/antiplagiat/,INSTITUTIONAL TECHNICAL PAGE,"Similarity-upload route, account and cohort distinctions",Direct official web-page review,Official page is accessible and distinguishes current and previous cohorts. It remains tied to 2025–2026 account and calendar conditions.,IDENTITY VERIFIED; VOLATILE OPERATING VALUES REQUIRE RECHECK,,"Recheck account eligibility, upload window, technical route and current calendar before upload.",2026-08-23
VS-007,S151,https://senat.ase.ro/monitor2026/,OFFICIAL SUPERSESSION INDEX,2026 Senate decisions relevant to finalisation and generative AI,Direct official monitor review,Decision no. 8 of 4 February 2026 and decision no. 38 of 25 March 2026 were located in the official monitor.,VERIFIED INDEX; CONTINUOUS RECHECK REQUIRED,,Repeat the monitor check at content freeze and immediately before public release.,2026-08-23
VS-008,S152,https://consilierstudenti.ase.ro/calendarul-studentului-2025-2026/,INSTITUTIONAL CALENDAR PAGE,Calendar identity and academic-year scope,Direct official page review,The page identifies the Student Calendar for academic year 2025–2026 and shows a later page update. It is historical for any 2026–2027 operational action.,VERIFIED HISTORICAL SESSION SOURCE; NOT A FUTURE-SESSION AUTHORITY,,Replace with the applicable current academic-year calendar when released.,2026-08-23
VS-009,S154,https://csie.ase.ro/wp-content/uploads/2026/06/ANUNT-EXAMEN-LICENTA-iulie-2026-GRAFICANUNT-CERERE-ANEXA-1-ANEXA-2-ANGAJABILITATESATISFACTIE-1-2_removed-1.pdf,HISTORICAL FACULTY SESSION PDF,Bachelor’s July 2026 notice and registration cut-off,Official linked PDF review and live-page comparison,Historical July 2026 notice located. Its 11:00 same-day cut-off conflicts with 12:00 on the live page.,HISTORICAL SOURCE; CONFLICT RECORDED; DO NOT CARRY FORWARD,CF-01,Use only as evidence of the historical source state and version-control defect.,2026-08-23
VS-010,S153,https://csie.ase.ro/wp-content/uploads/2026/06/ANUNT-EXAMEN-DIZERTATIE-IUNIE-2026-GRAFICANUNT-ANEXA-1-2-3-3.1-ANGAJABILITATESATISFACTIE-1-2-1-1.pdf,HISTORICAL FACULTY SESSION PDF,Dissertation June 2026 notice and registration cut-off,Official linked PDF review and live-page comparison,Historical June 2026 notice located. Its 12:00 same-day cut-off conflicts with 14:00 on the live page.,HISTORICAL SOURCE; CONFLICT RECORDED; DO NOT CARRY FORWARD,CF-02,Use only as evidence of the historical source state and version-control defect.,2026-08-23
VS-011,S155,https://research-and-innovation.ec.europa.eu/document/download/2b6cf7e5-36ac-41cb-aab5-0d32050143dc_en?filename=ec_rtd_ai-guidelines.pdf,EXTERNAL RESEARCH-INTEGRITY GUIDANCE,European Commission living-guidelines identity and version,Official European Commission source review,Third version dated May 2026 confirmed. It is interpretive guidance and does not override a stricter applicable institutional rule.,IDENTITY AND VERSION VERIFIED; RECHECK FOR LATER LIVING VERSION,,Recheck the official Commission location before publication or consequential use.,2026-08-23
VS-012,S156,https://doi.org/10.26356/ecoc,RESEARCH-INTEGRITY CODE,ALLEA 2023 revised-edition identity and DOI,Official DOI/publisher identity review,Revised 2023 code and DOI identity confirmed.,IDENTITY VERIFIED,,No operational value should be inferred beyond the source text and applicable institutional rule.,2026-08-23
VS-013,S001,https://doi.org/10.1007/s40979-023-00133-4,PEER-REVIEWED GUIDANCE,ENAI recommendations article identity and DOI,Publisher/DOI identity review,"Article identity, publication venue and DOI confirmed.",IDENTITY VERIFIED,,"Use as interpretive scholarly guidance, not as institutional authorisation.",2026-08-23
VS-014,S104,https://doi.org/10.6028/nist.ai.600-1,TECHNICAL RISK-MANAGEMENT PROFILE,NIST AI 600-1 identity and DOI,Official NIST/DOI identity review,NIST generative-AI profile identity and DOI confirmed; the official record indicates a later web update without changing the cited report identity.,IDENTITY VERIFIED; CHECK CURRENT NIST RECORD FOR UPDATES,,Do not treat a technical profile as examination permission or institutional policy.,2026-08-23
VS-015,S157,https://consilierstudenti.ase.ro/wp-content/uploads/2025/09/Calendarul-Studentului-2025-2026_23-iunie.docx.pdf,HISTORICAL INSTITUTIONAL CALENDAR PDF,Academic-year identity and finalisation-calendar role,Official PDF identity review,"PDF identifies academic year 2025–2026. It is retained as historical provenance, not as 2026–2027 operating authority.",VERIFIED HISTORICAL SOURCE; DO NOT CARRY FORWARD,,Replace with the current academic-year calendar before operational use.,2026-08-23
VS-016,S158,https://csie.ase.ro/desfasurarea-examenului-de-licenta-sesiunea-august-2026-organizata-numai-pentru-studentii-participanti-la-programe-de-mobilitate-internationala/,CONDITIONAL FACULTY ANNOUNCEMENT,Bachelor’s August 2026 route limited to international-mobility participants,Discovery on current official CSIE index; target-page retrieval attempted,The official index exposes a bachelor’s August 2026 announcement explicitly limited to students participating in international mobility programmes. The target page and attachments were not retrieved in the controlled check.,DISCOVERED CONDITIONAL EXCEPTION; PAYLOAD UNVERIFIED; NO VALUE MAY BE FROZEN,,"Manually open the target page and every attachment, verify scope and dates, then retain the evidence before use.",2026-08-23
VS-017,S159,https://csie.ase.ro/desfasurarea-examenului-de-disertatie-sesiunea-august-2026-pentru-studentii-participanti-la-programe-de-mobilitate-internationala/,CONDITIONAL FACULTY ANNOUNCEMENT,Dissertation August 2026 route limited to international-mobility participants,Discovery on current official CSIE index; target-page retrieval attempted,The official index exposes a dissertation August 2026 announcement explicitly limited to students participating in international mobility programmes. The target page and attachments were not retrieved in the controlled check.,DISCOVERED CONDITIONAL EXCEPTION; PAYLOAD UNVERIFIED; NO VALUE MAY BE FROZEN,,"Manually open the target page and every attachment, verify scope and dates, then retain the evidence before use.",2026-08-23
